plate_id,well,sample_id,amplicon_id,impact,impact_frequency
GEP00005_02,A1,FLD0001,chr16_53704130,HighImpact,76.14
GEP00005_02,A1,FLD0001,chr16_53700624,WildType,69.35
GEP00005_02,A1,FLD0001,chr16_54285780,MediumImpact,7.61
GEP00005_02,A1,FLD0001,chr16_54285780,LowImpact,44.95
GEP00005_02,A1,FLD0001,chr16_54285780,HighImpact,31.08
GEP00005_02,A1,FLD0001,chr16_54931181,HighImpact,22.17
GEP00005_02,A1,FLD0001,chr16_54931181,MediumImpact,65.42999999999999
GEP00005_02,B1,FLD0002,chr16_53704130,LowImpact,55.32
GEP00005_02,B1,FLD0002,chr16_53704130,HighImpact,26.38
GEP00005_02,B1,FLD0002,chr16_53700624,WildType,68.22
GEP00005_02,B1,FLD0002,chr16_54285780,HighImpact,81.9
GEP00005_02,B1,FLD0002,chr16_54931181,LowImpact,80.48
GEP00005_02,C1,FLD0003,chr16_53704130,HighImpact,84.86
GEP00005_02,C1,FLD0003,chr16_53700624,HighImpact,12.28
GEP00005_02,C1,FLD0003,chr16_53700624,WildType,56.38
GEP00005_02,C1,FLD0003,chr16_54285780,LowImpact,78.36
GEP00005_02,C1,FLD0003,chr16_54931181,LowImpact,23.21
GEP00005_02,C1,FLD0003,chr16_54931181,HighImpact,62.2
GEP00005_02,D1,FLD0004,chr16_53704130,HighImpact,83.47
GEP00005_02,D1,FLD0004,chr16_53700624,WildType,69.23
GEP00005_02,D1,FLD0004,chr16_54285780,MediumImpact,68.76
GEP00005_02,D1,FLD0004,chr16_54285780,HighImpact,11.8
GEP00005_02,D1,FLD0004,chr16_54931181,HighImpact,79.05
GEP00005_02,E1,FLD0005,chr16_53704130,LowImpact,56.48
GEP00005_02,E1,FLD0005,chr16_53704130,HighImpact,26.01
GEP00005_02,E1,FLD0005,chr16_53700624,WildType,68.99
GEP00005_02,E1,FLD0005,chr16_54285780,LowImpact,76.9
GEP00005_02,E1,FLD0005,chr16_54931181,MediumImpact,59.13
GEP00005_02,E1,FLD0005,chr16_54931181,HighImpact,18.35
GEP00005_02,F1,FLD0006,chr16_53704130,HighImpact,82.58
GEP00005_02,F1,FLD0006,chr16_53700624,WildType,68.07
GEP00005_02,F1,FLD0006,chr16_54285780,HighImpact,72.78
GEP00005_02,F1,FLD0006,chr16_54285780,WildType,9.9
GEP00005_02,F1,FLD0006,chr16_54931181,HighImpact,20.95
GEP00005_02,F1,FLD0006,chr16_54931181,MediumImpact,5.13
GEP00005_02,F1,FLD0006,chr16_54931181,LowImpact,49.06
GEP00005_02,G1,FLD0007,chr16_53704130,HighImpact,84.6
GEP00005_02,G1,FLD0007,chr16_53700624,WildType,69.11
GEP00005_02,G1,FLD0007,chr16_54285780,HighImpact,19.79
GEP00005_02,G1,FLD0007,chr16_54285780,LowImpact,18.19
GEP00005_02,G1,FLD0007,chr16_54285780,MediumImpact,37.15
GEP00005_02,G1,FLD0007,chr16_54931181,HighImpact,19.12
GEP00005_02,G1,FLD0007,chr16_54931181,LowImpact,47.43
GEP00005_02,G1,FLD0007,chr16_54931181,MediumImpact,14.41
GEP00005_02,H1,FLD0008,chr16_53704130,HighImpact,23.57
GEP00005_02,H1,FLD0008,chr16_53704130,LowImpact,60.41
GEP00005_02,H1,FLD0008,chr16_53700624,WildType,68.54
GEP00005_02,H1,FLD0008,chr16_54285780,LowImpact,48.79
GEP00005_02,H1,FLD0008,chr16_54285780,WildType,35.15
GEP00005_02,H1,FLD0008,chr16_54931181,HighImpact,72.07
GEP00005_02,H1,FLD0008,chr16_54931181,MediumImpact,5.15
GEP00005_02,A2,FLD0009,chr16_53704130,HighImpact,27.76
GEP00005_02,A2,FLD0009,chr16_53704130,WildType,54.95
GEP00005_02,A2,FLD0009,chr16_53700624,WildType,66.44
GEP00005_02,A2,FLD0009,chr16_54285780,HighImpact,44.5
GEP00005_02,A2,FLD0009,chr16_54285780,MediumImpact,46.16
GEP00005_02,A2,FLD0009,chr16_54931181,HighImpact,68.17
GEP00005_02,B2,FLD0010,chr16_53704130,HighImpact,84.43
GEP00005_02,B2,FLD0010,chr16_53700624,WildType,65.59
GEP00005_02,B2,FLD0010,chr16_54285780,HighImpact,34.74
GEP00005_02,B2,FLD0010,chr16_54285780,LowImpact,35.11
GEP00005_02,B2,FLD0010,chr16_54285780,WildType,10.93
GEP00005_02,B2,FLD0010,chr16_54931181,WildType,73.73
GEP00005_02,C2,FLD0011,chr16_53704130,HighImpact,85.66
GEP00005_02,C2,FLD0011,chr16_53700624,WildType,70.08
GEP00005_02,C2,FLD0011,chr16_54285780,HighImpact,87.42
GEP00005_02,C2,FLD0011,chr16_54931181,HighImpact,26.34
GEP00005_02,C2,FLD0011,chr16_54931181,LowImpact,54.28
GEP00005_02,D2,FLD0012,chr16_53704130,HighImpact,78.03
GEP00005_02,D2,FLD0012,chr16_53704130,WildType,7.55
GEP00005_02,D2,FLD0012,chr16_53700624,WildType,69.26
GEP00005_02,D2,FLD0012,chr16_54285780,HighImpact,87.77
GEP00005_02,D2,FLD0012,chr16_54931181,HighImpact,82.9
GEP00005_02,E2,FLD0013,chr16_53704130,HighImpact,41.18
GEP00005_02,E2,FLD0013,chr16_53704130,MediumImpact,34.39
GEP00005_02,E2,FLD0013,chr16_53700624,WildType,70.02
GEP00005_02,E2,FLD0013,chr16_54285780,HighImpact,45.62
GEP00005_02,E2,FLD0013,chr16_54285780,WildType,43.39
GEP00005_02,E2,FLD0013,chr16_54931181,LowImpact,84.64
GEP00005_02,F2,FLD0014,chr16_53704130,HighImpact,81.44
GEP00005_02,F2,FLD0014,chr16_53700624,WildType,69.87
GEP00005_02,F2,FLD0014,chr16_54285780,LowImpact,6.42
GEP00005_02,F2,FLD0014,chr16_54285780,WildType,41.48
GEP00005_02,F2,FLD0014,chr16_54285780,MediumImpact,26.56
GEP00005_02,F2,FLD0014,chr16_54285780,HighImpact,8.17
GEP00005_02,F2,FLD0014,chr16_54931181,HighImpact,78.39
GEP00005_02,G2,FLD0015,chr16_53704130,HighImpact,78.08
GEP00005_02,G2,FLD0015,chr16_53700624,HighImpact,46.29
GEP00005_02,G2,FLD0015,chr16_53700624,WildType,22.92
GEP00005_02,G2,FLD0015,chr16_54285780,LowImpact,77.54
GEP00005_02,G2,FLD0015,chr16_54285780,HighImpact,6.65
GEP00005_02,G2,FLD0015,chr16_54931181,HighImpact,45.33
GEP00005_02,G2,FLD0015,chr16_54931181,LowImpact,35.41
GEP00005_02,H2,FLD0016,chr16_53704130,HighImpact,83.28
GEP00005_02,H2,FLD0016,chr16_53700624,WildType,64.99
GEP00005_02,H2,FLD0016,chr16_53700624,MediumImpact,5.05
GEP00005_02,H2,FLD0016,chr16_54285780,HighImpact,54.69
GEP00005_02,H2,FLD0016,chr16_54285780,MediumImpact,25.82
GEP00005_02,H2,FLD0016,chr16_54931181,HighImpact,78.62
GEP00005_02,A3,FLD0017,chr16_53704130,MediumImpact,35.29
GEP00005_02,A3,FLD0017,chr16_53704130,LowImpact,46.01
GEP00005_02,A3,FLD0017,chr16_53700624,WildType,41.73
GEP00005_02,A3,FLD0017,chr16_53700624,MediumImpact,25.57
GEP00005_02,A3,FLD0017,chr16_54285780,HighImpact,85.17
GEP00005_02,A3,FLD0017,chr16_54931181,LowImpact,61.5
GEP00005_02,A3,FLD0017,chr16_54931181,MediumImpact,12.5
GEP00005_02,B3,FLD0018,chr16_53704130,HighImpact,84.53
GEP00005_02,B3,FLD0018,chr16_53700624,WildType,32.37
GEP00005_02,B3,FLD0018,chr16_53700624,MediumImpact,35.27
GEP00005_02,B3,FLD0018,chr16_54285780,LowImpact,63.68
GEP00005_02,B3,FLD0018,chr16_54285780,HighImpact,11.09
GEP00005_02,B3,FLD0018,chr16_54931181,HighImpact,43.49
GEP00005_02,B3,FLD0018,chr16_54931181,MediumImpact,28.35
GEP00005_02,C3,FLD0019,chr16_53704130,HighImpact,32.71
GEP00005_02,C3,FLD0019,chr16_53704130,LowImpact,40.84
GEP00005_02,C3,FLD0019,chr16_53704130,WildType,10.46
GEP00005_02,C3,FLD0019,chr16_53700624,HighImpact,44.51
GEP00005_02,C3,FLD0019,chr16_53700624,WildType,24.35
GEP00005_02,C3,FLD0019,chr16_54285780,LowImpact,79.4
GEP00005_02,C3,FLD0019,chr16_54931181,HighImpact,72.57
GEP00005_02,D3,FLD0020,chr16_53704130,LowImpact,41.65
GEP00005_02,D3,FLD0020,chr16_53704130,HighImpact,40.57
GEP00005_02,D3,FLD0020,chr16_53700624,WildType,70.21
GEP00005_02,D3,FLD0020,chr16_54285780,LowImpact,18.12
GEP00005_02,D3,FLD0020,chr16_54285780,HighImpact,67.55
GEP00005_02,E3,FLD0021,chr16_53704130,LowImpact,23.4
GEP00005_02,E3,FLD0021,chr16_53704130,HighImpact,60.07
GEP00005_02,E3,FLD0021,chr16_53700624,WildType,20.71
GEP00005_02,E3,FLD0021,chr16_53700624,LowImpact,47.96
GEP00005_02,E3,FLD0021,chr16_54285780,HighImpact,82.06
GEP00005_02,F3,FLD0022,chr16_53704130,WildType,14.61
GEP00005_02,F3,FLD0022,chr16_53704130,MediumImpact,6.38
GEP00005_02,F3,FLD0022,chr16_53704130,HighImpact,63.51
GEP00005_02,F3,FLD0022,chr16_53700624,WildType,69.59
GEP00005_02,F3,FLD0022,chr16_54285780,HighImpact,26.88
GEP00005_02,F3,FLD0022,chr16_54285780,LowImpact,56.24
GEP00005_02,F3,FLD0022,chr16_54931181,HighImpact,51.5
GEP00005_02,F3,FLD0022,chr16_54931181,LowImpact,16.47
GEP00005_02,G3,FLD0023,chr16_53704130,HighImpact,82.51
GEP00005_02,G3,FLD0023,chr16_53700624,WildType,69.78
GEP00005_02,G3,FLD0023,chr16_54285780,LowImpact,65.13
GEP00005_02,G3,FLD0023,chr16_54285780,HighImpact,21.56
GEP00005_02,G3,FLD0023,chr16_54931181,MediumImpact,15.23
GEP00005_02,G3,FLD0023,chr16_54931181,HighImpact,57.74
GEP00005_02,H3,FLD0024,chr16_53704130,HighImpact,84.71000000000002
GEP00005_02,H3,FLD0024,chr16_53700624,WildType,66.57
GEP00005_02,H3,FLD0024,chr16_54285780,WildType,45.15
GEP00005_02,H3,FLD0024,chr16_54285780,HighImpact,35.45
GEP00005_02,H3,FLD0024,chr16_54931181,MediumImpact,71.16
GEP00005_02,A4,FLD0025,chr16_53704130,HighImpact,61.99
GEP00005_02,A4,FLD0025,chr16_53704130,MediumImpact,21.66
GEP00005_02,A4,FLD0025,chr16_53700624,WildType,67.54
GEP00005_02,A4,FLD0025,chr16_54285780,LowImpact,79.16
GEP00005_02,A4,FLD0025,chr16_54931181,MediumImpact,92.11
GEP00005_02,B4,FLD0026,chr16_53704130,HighImpact,83.82
GEP00005_02,B4,FLD0026,chr16_53700624,WildType,68.91
GEP00005_02,B4,FLD0026,chr16_54285780,HighImpact,78.74000000000002
GEP00005_02,C4,FLD0027,chr16_53704130,HighImpact,41.75
GEP00005_02,C4,FLD0027,chr16_53704130,WildType,41.24
GEP00005_02,C4,FLD0027,chr16_53700624,WildType,70.32
GEP00005_02,C4,FLD0027,chr16_54285780,LowImpact,17.119999999999994
GEP00005_02,C4,FLD0027,chr16_54285780,HighImpact,51.99
GEP00005_02,C4,FLD0027,chr16_54285780,WildType,7.84
GEP00005_02,D4,FLD0028,chr16_53704130,HighImpact,84.16
GEP00005_02,D4,FLD0028,chr16_53700624,WildType,70.97
GEP00005_02,D4,FLD0028,chr16_54285780,HighImpact,73.95
GEP00005_02,D4,FLD0028,chr16_54285780,MediumImpact,7.02
GEP00005_02,D4,FLD0028,chr16_54931181,WildType,8.18
GEP00005_02,D4,FLD0028,chr16_54931181,HighImpact,46.23
GEP00005_02,D4,FLD0028,chr16_54931181,MediumImpact,19.3
GEP00005_02,E4,FLD0029,chr16_53704130,LowImpact,31.66
GEP00005_02,E4,FLD0029,chr16_53704130,HighImpact,45.95
GEP00005_02,E4,FLD0029,chr16_53700624,WildType,68.15
GEP00005_02,E4,FLD0029,chr16_54285780,HighImpact,55.76000000000001
GEP00005_02,E4,FLD0029,chr16_54285780,LowImpact,27.82
GEP00005_02,F4,FLD0030,chr16_53704130,MediumImpact,76.02
GEP00005_02,F4,FLD0030,chr16_53700624,HighImpact,9.73
GEP00005_02,F4,FLD0030,chr16_53700624,WildType,60.91
GEP00005_02,F4,FLD0030,chr16_54285780,LowImpact,8.88
GEP00005_02,F4,FLD0030,chr16_54285780,WildType,35.61
GEP00005_02,F4,FLD0030,chr16_54285780,HighImpact,33.48
GEP00005_02,F4,FLD0030,chr16_54931181,HighImpact,64.41
GEP00005_02,F4,FLD0030,chr16_54931181,MediumImpact,9.42
GEP00005_02,G4,FLD0031,chr16_53704130,LowImpact,82.81
GEP00005_02,G4,FLD0031,chr16_53700624,LowImpact,49.91
GEP00005_02,G4,FLD0031,chr16_53700624,WildType,19.33
GEP00005_02,G4,FLD0031,chr16_54285780,HighImpact,20.44
GEP00005_02,G4,FLD0031,chr16_54285780,LowImpact,58.92
GEP00005_02,G4,FLD0031,chr16_54931181,HighImpact,41.35
GEP00005_02,G4,FLD0031,chr16_54931181,LowImpact,34.93
GEP00005_02,H4,FLD0032,chr16_53704130,HighImpact,75.7
GEP00005_02,H4,FLD0032,chr16_53700624,WildType,71.25
GEP00005_02,H4,FLD0032,chr16_54285780,MediumImpact,23.04
GEP00005_02,H4,FLD0032,chr16_54285780,WildType,9.89
GEP00005_02,H4,FLD0032,chr16_54285780,HighImpact,49.92999999999999
GEP00005_02,A5,FLD0033,chr16_53704130,HighImpact,76.96
GEP00005_02,A5,FLD0033,chr16_53700624,WildType,69.95
GEP00005_02,A5,FLD0033,chr16_54285780,LowImpact,46.82
GEP00005_02,A5,FLD0033,chr16_54285780,WildType,37.41
GEP00005_02,A5,FLD0033,chr16_54931181,LowImpact,8.06
GEP00005_02,A5,FLD0033,chr16_54931181,HighImpact,66.43
GEP00005_02,B5,FLD0034,chr16_53704130,LowImpact,7.33
GEP00005_02,B5,FLD0034,chr16_53704130,HighImpact,69.62
GEP00005_02,B5,FLD0034,chr16_53700624,WildType,69.15
GEP00005_02,B5,FLD0034,chr16_54285780,HighImpact,40.91
GEP00005_02,B5,FLD0034,chr16_54285780,WildType,42.12
GEP00005_02,B5,FLD0034,chr16_54931181,HighImpact,76.83
GEP00005_02,C5,FLD0035,chr16_53704130,HighImpact,76.03
GEP00005_02,C5,FLD0035,chr16_53700624,WildType,70.46
GEP00005_02,C5,FLD0035,chr16_54285780,HighImpact,69.92
GEP00005_02,C5,FLD0035,chr16_54285780,MediumImpact,5.71
GEP00005_02,D5,FLD0036,chr16_53704130,HighImpact,32.77
GEP00005_02,D5,FLD0036,chr16_53704130,LowImpact,40.48
GEP00005_02,D5,FLD0036,chr16_53700624,WildType,62.58
GEP00005_02,D5,FLD0036,chr16_53700624,MediumImpact,5.16
GEP00005_02,D5,FLD0036,chr16_54285780,LowImpact,79.27
GEP00005_02,D5,FLD0036,chr16_54931181,LowImpact,7.06
GEP00005_02,D5,FLD0036,chr16_54931181,MediumImpact,58.22
GEP00005_02,E5,FLD0037,chr16_53704130,HighImpact,77.41
GEP00005_02,E5,FLD0037,chr16_53700624,WildType,71.24
GEP00005_02,E5,FLD0037,chr16_54285780,WildType,20.19
GEP00005_02,E5,FLD0037,chr16_54285780,HighImpact,22.85
GEP00005_02,E5,FLD0037,chr16_54285780,LowImpact,36.03
GEP00005_02,F5,FLD0038,chr16_53704130,MediumImpact,36.19
GEP00005_02,F5,FLD0038,chr16_53704130,HighImpact,40.37
GEP00005_02,F5,FLD0038,chr16_53700624,WildType,71.76
GEP00005_02,F5,FLD0038,chr16_54285780,LowImpact,69.84
GEP00005_02,F5,FLD0038,chr16_54931181,LowImpact,39.76
GEP00005_02,F5,FLD0038,chr16_54931181,MediumImpact,36.75
GEP00005_02,G5,FLD0039,chr16_53704130,HighImpact,76.57
GEP00005_02,G5,FLD0039,chr16_53700624,WildType,58.7
GEP00005_02,G5,FLD0039,chr16_53700624,HighImpact,9.85
GEP00005_02,G5,FLD0039,chr16_54285780,WildType,18.15
GEP00005_02,G5,FLD0039,chr16_54285780,HighImpact,60.16
GEP00005_02,G5,FLD0039,chr16_54931181,WildType,10.26
GEP00005_02,G5,FLD0039,chr16_54931181,HighImpact,36.13
GEP00005_02,G5,FLD0039,chr16_54931181,LowImpact,24.21
GEP00005_02,H5,FLD0040,chr16_53704130,HighImpact,75.57
GEP00005_02,H5,FLD0040,chr16_53700624,WildType,70.08
GEP00005_02,H5,FLD0040,chr16_54285780,HighImpact,85.23
GEP00005_02,A6,FLD0041,chr16_53704130,HighImpact,10.31
GEP00005_02,A6,FLD0041,chr16_53704130,LowImpact,64.59
GEP00005_02,A6,FLD0041,chr16_53700624,WildType,69.4
GEP00005_02,A6,FLD0041,chr16_54285780,HighImpact,84.53
GEP00005_02,A6,FLD0041,chr16_54931181,MediumImpact,76.86
GEP00005_02,B6,FLD0042,chr16_53704130,HighImpact,76.14
GEP00005_02,B6,FLD0042,chr16_53700624,WildType,69.76
GEP00005_02,B6,FLD0042,chr16_54285780,MediumImpact,29.4
GEP00005_02,B6,FLD0042,chr16_54285780,HighImpact,57.77
GEP00005_02,B6,FLD0042,chr16_54931181,HighImpact,14.55
GEP00005_02,B6,FLD0042,chr16_54931181,MediumImpact,57.13
GEP00005_02,C6,FLD0043,chr16_53704130,HighImpact,31.91
GEP00005_02,C6,FLD0043,chr16_53704130,LowImpact,45.21
GEP00005_02,C6,FLD0043,chr16_53700624,WildType,70.98
GEP00005_02,C6,FLD0043,chr16_54285780,LowImpact,26.64
GEP00005_02,C6,FLD0043,chr16_54285780,MediumImpact,36.14
GEP00005_02,C6,FLD0043,chr16_54285780,HighImpact,18.52
GEP00005_02,C6,FLD0043,chr16_54931181,MediumImpact,66.93
GEP00005_02,C6,FLD0043,chr16_54931181,LowImpact,9.31
GEP00005_02,D6,FLD0044,chr16_53704130,HighImpact,75.74000000000002
GEP00005_02,D6,FLD0044,chr16_53700624,WildType,41.36
GEP00005_02,D6,FLD0044,chr16_53700624,MediumImpact,8.48
GEP00005_02,D6,FLD0044,chr16_53700624,LowImpact,20.49
GEP00005_02,D6,FLD0044,chr16_54285780,LowImpact,79.3
GEP00005_02,D6,FLD0044,chr16_54931181,MediumImpact,34.54
GEP00005_02,D6,FLD0044,chr16_54931181,HighImpact,6.71
GEP00005_02,D6,FLD0044,chr16_54931181,LowImpact,39.16
GEP00005_02,E6,FLD0045,chr16_53704130,HighImpact,31.59
GEP00005_02,E6,FLD0045,chr16_53704130,MediumImpact,46.16
GEP00005_02,E6,FLD0045,chr16_53700624,WildType,69.74
GEP00005_02,E6,FLD0045,chr16_54285780,LowImpact,36.91
GEP00005_02,E6,FLD0045,chr16_54285780,HighImpact,45.27
GEP00005_02,E6,FLD0045,chr16_54931181,LowImpact,75.48
GEP00005_02,F6,FLD0046,chr16_53704130,HighImpact,76.19
GEP00005_02,F6,FLD0046,chr16_53700624,HighImpact,11.84
GEP00005_02,F6,FLD0046,chr16_53700624,WildType,48.81
GEP00005_02,F6,FLD0046,chr16_53700624,LowImpact,8.98
GEP00005_02,F6,FLD0046,chr16_54285780,HighImpact,82.44
GEP00005_02,F6,FLD0046,chr16_54931181,HighImpact,27.79
GEP00005_02,F6,FLD0046,chr16_54931181,LowImpact,50.28
GEP00005_02,G6,FLD0047,chr16_53704130,LowImpact,40.35
GEP00005_02,G6,FLD0047,chr16_53704130,HighImpact,34.55
GEP00005_02,G6,FLD0047,chr16_53700624,WildType,52.04
GEP00005_02,G6,FLD0047,chr16_53700624,LowImpact,16.69
GEP00005_02,G6,FLD0047,chr16_54285780,MediumImpact,42.51
GEP00005_02,G6,FLD0047,chr16_54285780,HighImpact,41.86
GEP00005_02,G6,FLD0047,chr16_54931181,HighImpact,76.09
GEP00005_02,H6,FLD0048,chr16_53704130,HighImpact,76.69
GEP00005_02,H6,FLD0048,chr16_53700624,WildType,68.48
GEP00005_02,H6,FLD0048,chr16_54285780,LowImpact,55.55
GEP00005_02,H6,FLD0048,chr16_54285780,HighImpact,21.45
GEP00005_02,H6,FLD0048,chr16_54931181,LowImpact,21.64
GEP00005_02,H6,FLD0048,chr16_54931181,MediumImpact,52.48
GEP00005_02,A7,FLD0049,chr16_53704130,LowImpact,75.76
GEP00005_02,A7,FLD0049,chr16_53700624,WildType,70.3
GEP00005_02,A7,FLD0049,chr16_54285780,HighImpact,80.07
GEP00005_02,A7,FLD0049,chr16_54931181,HighImpact,66.93
GEP00005_02,A7,FLD0049,chr16_54931181,MediumImpact,5.3
GEP00005_02,B7,FLD0050,chr16_53704130,HighImpact,66.5
GEP00005_02,B7,FLD0050,chr16_53700624,WildType,38.27
GEP00005_02,B7,FLD0050,chr16_53700624,MediumImpact,32.46
GEP00005_02,B7,FLD0050,chr16_54285780,LowImpact,77.47
GEP00005_02,B7,FLD0050,chr16_54931181,HighImpact,37.53
GEP00005_02,B7,FLD0050,chr16_54931181,LowImpact,36.26
GEP00005_02,C7,FLD0051,chr16_53704130,LowImpact,40.53
GEP00005_02,C7,FLD0051,chr16_53704130,HighImpact,31.82
GEP00005_02,C7,FLD0051,chr16_53700624,WildType,71.51
GEP00005_02,C7,FLD0051,chr16_54285780,LowImpact,5.68
GEP00005_02,C7,FLD0051,chr16_54285780,MediumImpact,71.01
GEP00005_02,C7,FLD0051,chr16_54931181,HighImpact,56.69
GEP00005_02,D7,FLD0052,chr16_53704130,HighImpact,74.68
GEP00005_02,D7,FLD0052,chr16_53700624,WildType,70.83
GEP00005_02,D7,FLD0052,chr16_54285780,WildType,55.93
GEP00005_02,D7,FLD0052,chr16_54285780,MediumImpact,24.17
GEP00005_02,D7,FLD0052,chr16_54931181,HighImpact,28.29
GEP00005_02,D7,FLD0052,chr16_54931181,LowImpact,46.43
GEP00005_02,E7,FLD0053,chr16_53704130,LowImpact,48.66
GEP00005_02,E7,FLD0053,chr16_53704130,HighImpact,23.83
GEP00005_02,E7,FLD0053,chr16_53700624,WildType,71.42
GEP00005_02,E7,FLD0053,chr16_54285780,HighImpact,37.65
GEP00005_02,E7,FLD0053,chr16_54285780,WildType,38.1
GEP00005_02,F7,FLD0054,chr16_53704130,HighImpact,74.64
GEP00005_02,F7,FLD0054,chr16_53700624,WildType,14.67
GEP00005_02,F7,FLD0054,chr16_53700624,HighImpact,56.8
GEP00005_02,F7,FLD0054,chr16_54285780,LowImpact,71.72
GEP00005_02,F7,FLD0054,chr16_54285780,HighImpact,5.82
GEP00005_02,F7,FLD0054,chr16_54931181,HighImpact,78.4
GEP00005_02,G7,FLD0055,chr16_53704130,MediumImpact,41.7
GEP00005_02,G7,FLD0055,chr16_53704130,HighImpact,31.06
GEP00005_02,G7,FLD0055,chr16_53700624,WildType,70.41
GEP00005_02,G7,FLD0055,chr16_54285780,LowImpact,59.1
GEP00005_02,G7,FLD0055,chr16_54285780,HighImpact,17.96
GEP00005_02,H7,FLD0056,chr16_53700624,WildType,70.28
GEP00005_02,H7,FLD0056,chr16_54285780,WildType,7.41
GEP00005_02,H7,FLD0056,chr16_54285780,HighImpact,57.16
GEP00005_02,H7,FLD0056,chr16_54285780,LowImpact,14.63
GEP00005_02,H7,FLD0056,chr16_54931181,MediumImpact,52.51000000000001
GEP00005_02,H7,FLD0056,chr16_54931181,HighImpact,21.28
GEP00005_02,A8,FLD0057,chr16_53704130,HighImpact,57.76
GEP00005_02,A8,FLD0057,chr16_53704130,MediumImpact,20.79
GEP00005_02,A8,FLD0057,chr16_53700624,WildType,69.11
GEP00005_02,A8,FLD0057,chr16_54285780,HighImpact,83.08
GEP00005_02,A8,FLD0057,chr16_54931181,HighImpact,60.23
GEP00005_02,A8,FLD0057,chr16_54931181,MediumImpact,8.28
GEP00005_02,B8,FLD0058,chr16_53704130,HighImpact,76.13999999999999
GEP00005_02,B8,FLD0058,chr16_53700624,WildType,71.34
GEP00005_02,B8,FLD0058,chr16_54285780,HighImpact,36.83
GEP00005_02,B8,FLD0058,chr16_54285780,MediumImpact,44.68
GEP00005_02,B8,FLD0058,chr16_54931181,LowImpact,44.99
GEP00005_02,B8,FLD0058,chr16_54931181,MediumImpact,10.6
GEP00005_02,B8,FLD0058,chr16_54931181,HighImpact,18.07
GEP00005_02,C8,FLD0059,chr16_53704130,HighImpact,78.35
GEP00005_02,C8,FLD0059,chr16_53700624,HighImpact,28.57
GEP00005_02,C8,FLD0059,chr16_53700624,WildType,41.2
GEP00005_02,C8,FLD0059,chr16_54285780,HighImpact,47.46
GEP00005_02,C8,FLD0059,chr16_54285780,LowImpact,37.19
GEP00005_02,C8,FLD0059,chr16_54931181,MediumImpact,77.71000000000002
GEP00005_02,D8,FLD0060,chr16_53704130,LowImpact,78.38
GEP00005_02,D8,FLD0060,chr16_53700624,WildType,36.61
GEP00005_02,D8,FLD0060,chr16_53700624,MediumImpact,31.7
GEP00005_02,D8,FLD0060,chr16_54285780,HighImpact,69.89
GEP00005_02,D8,FLD0060,chr16_54285780,MediumImpact,11.69
GEP00005_02,D8,FLD0060,chr16_54931181,HighImpact,79.56
GEP00005_02,E8,FLD0061,chr16_53704130,HighImpact,76.16
GEP00005_02,E8,FLD0061,chr16_53700624,WildType,73.08
GEP00005_02,E8,FLD0061,chr16_54285780,HighImpact,60.63
GEP00005_02,E8,FLD0061,chr16_54285780,MediumImpact,23.64
GEP00005_02,E8,FLD0061,chr16_54931181,MediumImpact,23.56
GEP00005_02,E8,FLD0061,chr16_54931181,HighImpact,60.46
GEP00005_02,F8,FLD0062,chr16_53704130,HighImpact,37.11
GEP00005_02,F8,FLD0062,chr16_53704130,LowImpact,39.85
GEP00005_02,F8,FLD0062,chr16_53700624,WildType,74.06
GEP00005_02,F8,FLD0062,chr16_54285780,MediumImpact,72.96
GEP00005_02,F8,FLD0062,chr16_54931181,HighImpact,25.94
GEP00005_02,F8,FLD0062,chr16_54931181,LowImpact,51.7
GEP00005_02,G8,FLD0063,chr16_53704130,HighImpact,77.54
GEP00005_02,G8,FLD0063,chr16_53700624,WildType,70.19
GEP00005_02,G8,FLD0063,chr16_54285780,LowImpact,59.6
GEP00005_02,G8,FLD0063,chr16_54285780,WildType,24.22
GEP00005_02,G8,FLD0063,chr16_54931181,HighImpact,78.41
GEP00005_02,H8,FLD0064,chr16_53700624,LowImpact,51.2
GEP00005_02,H8,FLD0064,chr16_53700624,WildType,17.22
GEP00005_02,H8,FLD0064,chr16_54285780,HighImpact,82.54
GEP00005_02,H8,FLD0064,chr16_54931181,MediumImpact,77.28
GEP00005_02,A9,FLD0065,chr16_53704130,HighImpact,78.65
GEP00005_02,A9,FLD0065,chr16_53700624,WildType,26.55
GEP00005_02,A9,FLD0065,chr16_53700624,HighImpact,41.08
GEP00005_02,A9,FLD0065,chr16_54285780,WildType,28.68
GEP00005_02,A9,FLD0065,chr16_54285780,HighImpact,54.52
GEP00005_02,A9,FLD0065,chr16_54931181,HighImpact,12.08
GEP00005_02,A9,FLD0065,chr16_54931181,LowImpact,52.87
GEP00005_02,B9,FLD0066,chr16_53704130,HighImpact,78.14
GEP00005_02,B9,FLD0066,chr16_53700624,WildType,69.54
GEP00005_02,B9,FLD0066,chr16_54285780,HighImpact,64.33
GEP00005_02,B9,FLD0066,chr16_54285780,LowImpact,18.92
GEP00005_02,B9,FLD0066,chr16_54931181,WildType,27.04
GEP00005_02,B9,FLD0066,chr16_54931181,LowImpact,50.47
GEP00005_02,C9,FLD0067,chr16_53704130,HighImpact,76.8
GEP00005_02,C9,FLD0067,chr16_53700624,WildType,69.32
GEP00005_02,C9,FLD0067,chr16_54285780,HighImpact,13.74
GEP00005_02,C9,FLD0067,chr16_54285780,MediumImpact,41.46
GEP00005_02,C9,FLD0067,chr16_54285780,LowImpact,22.94
GEP00005_02,C9,FLD0067,chr16_54931181,HighImpact,80.91999999999999
GEP00005_02,D9,FLD0068,chr16_53704130,LowImpact,38.15
GEP00005_02,D9,FLD0068,chr16_53704130,HighImpact,39.37
GEP00005_02,D9,FLD0068,chr16_53700624,WildType,70.9
GEP00005_02,D9,FLD0068,chr16_54285780,MediumImpact,70.34
GEP00005_02,D9,FLD0068,chr16_54931181,WildType,81.67
GEP00005_02,E9,FLD0069,chr16_53704130,LowImpact,28.34
GEP00005_02,E9,FLD0069,chr16_53704130,HighImpact,48.82
GEP00005_02,E9,FLD0069,chr16_53700624,WildType,69.88
GEP00005_02,E9,FLD0069,chr16_54285780,MediumImpact,56.95
GEP00005_02,E9,FLD0069,chr16_54285780,HighImpact,31.9
GEP00005_02,E9,FLD0069,chr16_54931181,WildType,22.18
GEP00005_02,E9,FLD0069,chr16_54931181,LowImpact,59.02
GEP00005_02,F9,FLD0070,chr16_53704130,LowImpact,59.93
GEP00005_02,F9,FLD0070,chr16_53704130,HighImpact,18.32
GEP00005_02,F9,FLD0070,chr16_53700624,WildType,71.58
GEP00005_02,F9,FLD0070,chr16_54285780,HighImpact,77.66
GEP00005_02,F9,FLD0070,chr16_54931181,HighImpact,73.58
GEP00005_02,G9,FLD0071,chr16_53704130,HighImpact,37.93
GEP00005_02,G9,FLD0071,chr16_53704130,LowImpact,37.64
GEP00005_02,G9,FLD0071,chr16_53700624,WildType,71.31
GEP00005_02,G9,FLD0071,chr16_54285780,HighImpact,81.91
GEP00005_02,G9,FLD0071,chr16_54931181,WildType,7.74
GEP00005_02,G9,FLD0071,chr16_54931181,LowImpact,71.19
GEP00005_02,H9,FLD0072,chr16_53700624,WildType,67.72
GEP00005_02,H9,FLD0072,chr16_54285780,MediumImpact,16.87
GEP00005_02,H9,FLD0072,chr16_54285780,LowImpact,6.45
GEP00005_02,H9,FLD0072,chr16_54285780,HighImpact,53.24
GEP00005_02,A10,FLD0073,chr16_53704130,HighImpact,68.87
GEP00005_02,A10,FLD0073,chr16_53700624,WildType,68.18
GEP00005_02,A10,FLD0073,chr16_54285780,HighImpact,82.72
GEP00005_02,A10,FLD0073,chr16_54931181,WildType,15.95
GEP00005_02,A10,FLD0073,chr16_54931181,MediumImpact,60.39
GEP00005_02,B10,FLD0074,chr16_53704130,HighImpact,77.21
GEP00005_02,B10,FLD0074,chr16_53700624,WildType,69.17
GEP00005_02,B10,FLD0074,chr16_54285780,HighImpact,25.99
GEP00005_02,B10,FLD0074,chr16_54285780,LowImpact,57.17
GEP00005_02,B10,FLD0074,chr16_54931181,LowImpact,75.15
GEP00005_02,C10,FLD0075,chr16_53700624,WildType,69.92
GEP00005_02,C10,FLD0075,chr16_54285780,HighImpact,74.69
GEP00005_02,C10,FLD0075,chr16_54285780,LowImpact,10.48
GEP00005_02,C10,FLD0075,chr16_54931181,HighImpact,26.83
GEP00005_02,C10,FLD0075,chr16_54931181,LowImpact,50.38
GEP00005_02,D10,FLD0076,chr16_53704130,HighImpact,76.39
GEP00005_02,D10,FLD0076,chr16_53700624,WildType,69.91
GEP00005_02,D10,FLD0076,chr16_54285780,HighImpact,53.77
GEP00005_02,D10,FLD0076,chr16_54285780,LowImpact,29.05
GEP00005_02,D10,FLD0076,chr16_54931181,MediumImpact,18.14
GEP00005_02,D10,FLD0076,chr16_54931181,LowImpact,60.62
GEP00005_02,E10,FLD0077,chr16_53704130,HighImpact,77.28
GEP00005_02,E10,FLD0077,chr16_53700624,WildType,71.62
GEP00005_02,E10,FLD0077,chr16_54285780,LowImpact,79.24
GEP00005_02,F10,FLD0078,chr16_53704130,WildType,37.92
GEP00005_02,F10,FLD0078,chr16_53704130,HighImpact,38.97
GEP00005_02,F10,FLD0078,chr16_53700624,WildType,71.65
GEP00005_02,F10,FLD0078,chr16_54285780,HighImpact,71.21000000000002
GEP00005_02,F10,FLD0078,chr16_54285780,LowImpact,8.26
GEP00005_02,F10,FLD0078,chr16_54931181,HighImpact,31.09
GEP00005_02,F10,FLD0078,chr16_54931181,LowImpact,50.68
GEP00005_02,G10,FLD0079,chr16_53704130,HighImpact,75.16
GEP00005_02,G10,FLD0079,chr16_53700624,WildType,71.14
GEP00005_02,G10,FLD0079,chr16_54285780,HighImpact,48.85
GEP00005_02,G10,FLD0079,chr16_54285780,LowImpact,35.53
GEP00005_02,G10,FLD0079,chr16_54931181,WildType,18.05
GEP00005_02,G10,FLD0079,chr16_54931181,LowImpact,60.34
GEP00005_02,H10,FLD0080,chr16_53700624,WildType,67.73
GEP00005_02,H10,FLD0080,chr16_54285780,HighImpact,41.88
GEP00005_02,H10,FLD0080,chr16_54285780,LowImpact,35.39
GEP00005_02,A11,FLD0081,chr16_53704130,WildType,40.38
GEP00005_02,A11,FLD0081,chr16_53704130,HighImpact,10.25
GEP00005_02,A11,FLD0081,chr16_53704130,LowImpact,11.46
GEP00005_02,A11,FLD0081,chr16_53704130,MediumImpact,14.33
GEP00005_02,A11,FLD0081,chr16_53700624,WildType,67.35
GEP00005_02,A11,FLD0081,chr16_54285780,HighImpact,79.75
GEP00005_02,A11,FLD0081,chr16_54931181,HighImpact,73.38
GEP00005_02,B11,FLD0082,chr16_53704130,HighImpact,77.9
GEP00005_02,B11,FLD0082,chr16_53700624,WildType,29.71
GEP00005_02,B11,FLD0082,chr16_53700624,HighImpact,39.19
GEP00005_02,B11,FLD0082,chr16_54285780,LowImpact,19.45
GEP00005_02,B11,FLD0082,chr16_54285780,WildType,16.51
GEP00005_02,B11,FLD0082,chr16_54285780,HighImpact,34.46
GEP00005_02,B11,FLD0082,chr16_54285780,MediumImpact,12.32
GEP00005_02,C11,FLD0083,chr16_53704130,HighImpact,77.35
GEP00005_02,C11,FLD0083,chr16_53700624,WildType,71.95
GEP00005_02,C11,FLD0083,chr16_54285780,HighImpact,71.5
GEP00005_02,C11,FLD0083,chr16_54285780,MediumImpact,5.99
GEP00005_02,C11,FLD0083,chr16_54285780,LowImpact,7.53
GEP00005_02,C11,FLD0083,chr16_54931181,WildType,10.89
GEP00005_02,C11,FLD0083,chr16_54931181,LowImpact,54.2
GEP00005_02,C11,FLD0083,chr16_54931181,HighImpact,8.96
GEP00005_02,D11,FLD0084,chr16_53704130,WildType,18.03
GEP00005_02,D11,FLD0084,chr16_53704130,LowImpact,59.9
GEP00005_02,D11,FLD0084,chr16_53700624,WildType,74.31
GEP00005_02,D11,FLD0084,chr16_54285780,HighImpact,42.6
GEP00005_02,D11,FLD0084,chr16_54285780,LowImpact,41.93
GEP00005_02,D11,FLD0084,chr16_54931181,HighImpact,72.39
GEP00005_02,E11,FLD0085,chr16_53704130,MediumImpact,28.2
GEP00005_02,E11,FLD0085,chr16_53704130,HighImpact,47.42
GEP00005_02,E11,FLD0085,chr16_53700624,WildType,72.2
GEP00005_02,E11,FLD0085,chr16_54285780,LowImpact,75.11
GEP00005_02,E11,FLD0085,chr16_54285780,HighImpact,5.39
GEP00005_02,F11,FLD0086,chr16_53704130,HighImpact,77.56
GEP00005_02,F11,FLD0086,chr16_53700624,WildType,72.46
GEP00005_02,F11,FLD0086,chr16_54285780,LowImpact,78.03
GEP00005_02,F11,FLD0086,chr16_54931181,MediumImpact,18.009999999999994
GEP00005_02,F11,FLD0086,chr16_54931181,LowImpact,37.48
GEP00005_02,F11,FLD0086,chr16_54931181,HighImpact,22.64
GEP00005_02,G11,FLD0087,chr16_53704130,HighImpact,33.06
GEP00005_02,G11,FLD0087,chr16_53704130,LowImpact,40.44
GEP00005_02,G11,FLD0087,chr16_53700624,MediumImpact,47.52
GEP00005_02,G11,FLD0087,chr16_53700624,WildType,21.42
GEP00005_02,G11,FLD0087,chr16_54285780,LowImpact,65.7
GEP00005_02,G11,FLD0087,chr16_54285780,HighImpact,13.04
GEP00005_02,H11,FLD0088,chr16_53700624,WildType,68.85
GEP00005_02,H11,FLD0088,chr16_54285780,LowImpact,49.67
GEP00005_02,H11,FLD0088,chr16_54285780,HighImpact,24.43
GEP00005_02,H11,FLD0088,chr16_54931181,WildType,33.16
GEP00005_02,H11,FLD0088,chr16_54931181,HighImpact,7.52
GEP00005_02,H11,FLD0088,chr16_54931181,MediumImpact,23.52
GEP00005_02,A12,FLD0089,chr16_53704130,HighImpact,77.63
GEP00005_02,A12,FLD0089,chr16_53700624,WildType,67.75
GEP00005_02,A12,FLD0089,chr16_54285780,HighImpact,25.88
GEP00005_02,A12,FLD0089,chr16_54285780,WildType,8.07
GEP00005_02,A12,FLD0089,chr16_54285780,LowImpact,49.71
GEP00005_02,A12,FLD0089,chr16_54931181,HighImpact,75.17
GEP00005_02,B12,FLD0090,chr16_53704130,HighImpact,78.14
GEP00005_02,B12,FLD0090,chr16_53700624,WildType,68.67
GEP00005_02,B12,FLD0090,chr16_54285780,HighImpact,13.88
GEP00005_02,B12,FLD0090,chr16_54285780,LowImpact,69.65
GEP00005_02,B12,FLD0090,chr16_54931181,MediumImpact,86.38
GEP00005_02,C12,FLD0091,chr16_53704130,MediumImpact,6.65
GEP00005_02,C12,FLD0091,chr16_53704130,WildType,18.49
GEP00005_02,C12,FLD0091,chr16_53704130,HighImpact,50.7
GEP00005_02,C12,FLD0091,chr16_53700624,WildType,69.26
GEP00005_02,C12,FLD0091,chr16_54285780,LowImpact,82.12
GEP00005_02,C12,FLD0091,chr16_54931181,HighImpact,50.06
GEP00005_02,C12,FLD0091,chr16_54931181,MediumImpact,20.74
GEP00005_02,D12,FLD0092,chr16_53704130,HighImpact,77.29
GEP00005_02,D12,FLD0092,chr16_53700624,WildType,69.0
GEP00005_02,D12,FLD0092,chr16_54285780,LowImpact,47.41
GEP00005_02,D12,FLD0092,chr16_54285780,MediumImpact,35.38
GEP00005_02,D12,FLD0092,chr16_54931181,LowImpact,78.6
GEP00005_02,E12,FLD0093,chr16_53704130,HighImpact,37.35
GEP00005_02,E12,FLD0093,chr16_53704130,LowImpact,36.87
GEP00005_02,E12,FLD0093,chr16_53700624,MediumImpact,10.1
GEP00005_02,E12,FLD0093,chr16_53700624,WildType,62.19
GEP00005_02,E12,FLD0093,chr16_54285780,HighImpact,8.16
GEP00005_02,E12,FLD0093,chr16_54285780,WildType,59.65
GEP00005_02,E12,FLD0093,chr16_54285780,LowImpact,17.98
GEP00005_02,E12,FLD0093,chr16_54931181,MediumImpact,10.7
GEP00005_02,E12,FLD0093,chr16_54931181,LowImpact,59.47
GEP00005_02,F12,FLD0094,chr16_53704130,HighImpact,38.24
GEP00005_02,F12,FLD0094,chr16_53704130,WildType,34.89
GEP00005_02,F12,FLD0094,chr16_53700624,WildType,74.01
GEP00005_02,F12,FLD0094,chr16_54285780,WildType,22.55
GEP00005_02,F12,FLD0094,chr16_54285780,HighImpact,22.66
GEP00005_02,F12,FLD0094,chr16_54285780,MediumImpact,30.71
GEP00005_02,G12,FLD0095,chr16_53704130,LowImpact,72.11
GEP00005_02,G12,FLD0095,chr16_53700624,WildType,70.7
GEP00005_02,G12,FLD0095,chr16_54285780,MediumImpact,7.16
GEP00005_02,G12,FLD0095,chr16_54285780,LowImpact,61.91
GEP00005_02,G12,FLD0095,chr16_54285780,HighImpact,8.29
GEP00005_02,G12,FLD0095,chr16_54931181,MediumImpact,49.66
GEP00005_02,G12,FLD0095,chr16_54931181,HighImpact,8.41
GEP00005_02,G12,FLD0095,chr16_54931181,LowImpact,8.07
GEP00005_02,H12,FLD0096,chr16_53700624,WildType,69.03
GEP00005_02,H12,FLD0096,chr16_54285780,HighImpact,5.35
GEP00005_02,H12,FLD0096,chr16_54285780,LowImpact,78.93
GEP00005_02,H12,FLD0096,chr16_54931181,MediumImpact,82.28
