plate_id,well,cell_line_name,clone_name,guide_name,is_control,content_type,dna_source,sample_id,intensity_channel_700,intensity_channel_800,protein_abundance,norm_protein_abundance,HighImpact,MediumImpact,LowImpact,WildType,LowFrequency,koscore,combined_score
GEP00001_01,A1,MCF7,clone3,no-guide,True,normalisation,no-dna-source,no-barcode,12332.69140625,937.5444335938,0.07602107299292905,0.43305004715928075,0.0,0.0,0.0,0.0,0.0,0.0,0.0
GEP00001_01,B2,MCF7,clone3,STAT3.3,False,sample,no-dna-source,no-barcode,2888.4897460938,173.4876708984,0.06006172295851599,0.5697656579356714,0.0,0.0,0.0,0.0,0.0,0.0,0.0
GEP00001_01,B3,MCF7,clone3,STAT3.3,False,sample,no-dna-source,no-barcode,962.6694335938,77.2803039551,0.08027709331810835,0.39659089205716513,0.0,0.0,0.0,0.0,0.0,0.0,0.0
GEP00001_01,B4,MCF7,clone3,STAT3.3,False,sample,fixed cells,FLD0193,2428.5908203125,102.2449035645,0.042100506478626815,0.7236302373853398,90.59,0.0,0.0,0.0,9.409999999999997,0.9059,0.6555366320473793
GEP00001_01,B5,MCF7,clone3,STAT3.3,False,sample,fixed cells,FLD0194,3271.0258789063,94.8216247559,0.02898834441126603,0.8359554412171246,0.0,0.0,0.0,0.0,0.0,0.0,0.0
GEP00001_01,B6,MCF7,clone3,STAT3.3,False,sample,fixed cells,FLD0195,7575.5756835938,606.9233398438,0.08011580442106807,0.39797257176359213,0.0,0.0,0.0,91.37,8.629999999999995,0.0,0.0
GEP00001_01,B7,MCF7,clone3,STAT3.3,False,sample,fixed cells,FLD0196,6335.2397460938,568.8560791016,0.08979235228664344,0.315078522269316,0.0,0.0,0.0,90.83,9.170000000000002,0.0,0.0
GEP00001_01,B8,MCF7,clone3,STAT3.3,False,sample,fixed cells,FLD0197,3769.1801757813,95.43249511719999,0.025319165088046804,0.8673874288068666,0.0,24.45,68.31,0.0,7.239999999999995,0.6982200000000001,0.6056272505415304
GEP00001_01,B9,MCF7,clone3,STAT3.3,False,sample,fixed cells,FLD0198,6169.1953125,107.0368347168,0.017350210083302498,0.9356534013166462,91.06,0.0,0.0,0.0,8.939999999999998,0.9106,0.8520059872389381
GEP00001_01,B10,MCF7,clone3,STAT3.3,False,sample,fixed cells,FLD0199,992.2099609375,84.9873352051,0.08565458778986539,0.35052464001258654,0.0,0.0,0.0,86.87,13.129999999999995,0.0,0.0
GEP00001_01,B11,MCF7,clone3,STAT3.3,False,sample,fixed cells,FLD0200,8897.279296875,799.2772216797,0.08983389135153158,0.31472267828976686,0.0,0.0,0.0,91.65,8.349999999999994,0.0,0.0
GEP00001_01,C2,MCF7,clone3,STAT3.3,False,sample,no-dna-source,no-barcode,3424.9829101563,95.74183654790001,0.027953960372763084,0.8448164816289424,0.0,0.0,0.0,0.0,0.0,0.0,0.0
GEP00001_01,C3,MCF7,clone3,STAT3.3,False,sample,no-dna-source,no-barcode,2706.6577148438,342.5889892578,0.1265727052885114,0.0,0.0,0.0,0.0,0.0,0.0,0.0,0.0
GEP00001_01,C4,MCF7,clone3,STAT3.3,False,sample,fixed cells,FLD0201,13771.109375,1261.755859375,0.09162339975787173,0.2993928726125473,0.0,0.0,0.0,93.14,6.859999999999999,0.0,0.0
GEP00001_01,C5,MCF7,clone3,STAT3.3,False,sample,fixed cells,FLD0202,7266.60546875,126.1481628418,0.017359985124319674,0.9355696635265641,43.87,0.0,48.77,0.0,7.3599999999999985,0.78009,0.7298285388204374
GEP00001_01,C6,MCF7,clone3,STAT3.3,False,sample,fixed cells,FLD0203,763.4702148438,81.3724975586,0.1065824127471013,0.1712466390238,0.0,0.0,0.0,0.0,0.0,0.0,0.0
GEP00001_01,C7,MCF7,clone3,STAT3.3,False,sample,fixed cells,FLD0204,11035.767578125,152.1985778809,0.01379139029555014,0.9661399950611615,92.51,0.0,0.0,0.0,7.489999999999995,0.9251,0.8937761094310805
GEP00001_01,C8,MCF7,clone3,STAT3.3,False,sample,fixed cells,FLD0205,16808.3125,1362.5458984375,0.08106381282698663,0.3898514673353518,0.0,0.0,0.0,92.74,7.260000000000005,0.0,0.0
GEP00001_01,C9,MCF7,clone3,STAT3.3,False,sample,fixed cells,FLD0206,7055.7705078125,125.8977355957,0.017843229942966506,0.931429951671547,0.0,0.0,93.83,0.0,6.170000000000003,0.65681,0.6117725065573888
GEP00001_01,C10,MCF7,clone3,STAT3.3,False,sample,fixed cells,FLD0207,771.470703125,79.0753173828,0.10249944302808807,0.20622335785713253,0.0,0.0,0.0,89.78,10.22,0.0,0.0
GEP00001_01,C11,MCF7,clone3,STAT3.3,False,sample,fixed cells,FLD0208,4662.7001953125,384.8727722168,0.08254289490963193,0.377180925622736,0.0,0.0,0.0,92.63,7.370000000000003,0.0,0.0
GEP00001_01,D2,MCF7,clone3,STAT3.3,False,sample,no-dna-source,no-barcode,2285.7905273438,87.83047485350001,0.03842455107011196,0.7551202722412842,0.0,0.0,0.0,0.0,0.0,0.0,0.0
GEP00001_01,D3,MCF7,clone3,STAT3.3,False,sample,no-dna-source,no-barcode,2117.552734375,224.0380859375,0.1058004753792473,0.1779450975828596,0.0,0.0,0.0,0.0,0.0,0.0,0.0
GEP00001_01,D4,MCF7,clone3,STAT3.3,False,sample,no-dna-source,no-barcode,6447.7465820313,108.71405029299999,0.01686078212130209,0.9398460810067116,0.0,0.0,0.0,0.0,0.0,0.0,0.0
GEP00001_01,D5,MCF7,clone3,STAT3.3,False,sample,no-dna-source,no-barcode,4623.08984375,425.6520690918,0.09207090570979128,0.2955593173981541,0.0,0.0,0.0,0.0,0.0,0.0,0.0
GEP00001_01,D6,MCF7,clone3,STAT3.3,False,sample,no-dna-source,no-barcode,12667.7578125,174.9296875,0.013809048932668013,0.9659887225247585,0.0,0.0,0.0,0.0,0.0,0.0,0.0
GEP00001_01,D7,MCF7,clone3,STAT3.3,False,sample,no-dna-source,no-barcode,6227.896484375,123.5524291992,0.019838548940108003,0.9143370716482556,0.0,0.0,0.0,0.0,0.0,0.0,0.0
GEP00001_01,D8,MCF7,clone3,STAT3.3,False,sample,no-dna-source,no-barcode,12495.62109375,947.5111083984,0.0758274519761424,0.43470869964275005,0.0,0.0,0.0,0.0,0.0,0.0,0.0
GEP00001_01,D9,MCF7,clone3,STAT3.3,False,sample,no-dna-source,no-barcode,8003.97265625,135.0096130371,0.016867825370652168,0.9397857450823369,0.0,0.0,0.0,0.0,0.0,0.0,0.0
GEP00001_01,D10,MCF7,clone3,STAT3.3,False,sample,no-dna-source,no-barcode,12262.01953125,143.3225097656,0.011688328288854844,0.9841558544868892,0.0,0.0,0.0,0.0,0.0,0.0,0.0
GEP00001_01,D11,MCF7,clone3,STAT3.3,False,sample,no-dna-source,no-barcode,5387.6337890625,97.5123291016,0.0180992867962854,0.9292364432254331,0.0,0.0,0.0,0.0,0.0,0.0,0.0
GEP00001_01,E2,MCF7,clone3,STAT3.3,False,sample,fixed cells,FLD0209,7240.7622070313,621.828125,0.08587882148597012,0.3486037443211266,0.0,0.0,0.0,91.19,8.810000000000002,0.0,0.0
GEP00001_01,E3,MCF7,clone3,STAT3.3,False,sample,fixed cells,FLD0210,4062.2124023438,101.8150939941,0.025063951342218126,0.8695737147811865,48.25,0.0,42.11,0.0,9.64,0.77727,0.6758935612879728
GEP00001_01,E4,MCF7,clone3,STAT3.3,False,sample,fixed cells,FLD0211,1701.08984375,82.4270629883,0.048455443603491334,0.6691907327314548,0.0,0.0,83.42,0.0,16.58,0.58394,0.3907672364712057
GEP00001_01,E5,MCF7,clone3,STAT3.3,False,sample,fixed cells,FLD0212,8009.490234375,655.0233764648,0.08178090706117366,0.3837084868255122,0.0,0.0,0.0,90.86,9.14,0.0,0.0
GEP00001_01,E6,MCF7,clone3,STAT3.3,False,sample,fixed cells,FLD0213,14348.2890625,176.39862060549999,0.012294052610532291,0.9789669232070013,90.43,0.0,0.0,0.0,9.569999999999991,0.9043,0.8852797886560912
GEP00001_01,E7,MCF7,clone3,STAT3.3,False,sample,fixed cells,FLD0214,2344.8056640625,89.1375045776,0.03801487941783822,0.7586297203101346,89.32,0.0,0.0,0.0,10.680000000000009,0.8931999999999999,0.6776080661810122
GEP00001_01,E8,MCF7,clone3,STAT3.3,False,sample,fixed cells,FLD0215,4160.2319335938,104.82322692870001,0.025196486302182883,0.8684383553861149,0.0,0.0,90.09,0.0,9.909999999999997,0.6306299999999999,0.5476632800571456
GEP00001_01,E9,MCF7,clone3,STAT3.3,False,sample,fixed cells,FLD0216,8136.4912109375,125.21875,0.015389772661669488,0.9524474686758754,0.0,0.0,90.92,0.0,9.079999999999998,0.63644,0.6061756669640741
GEP00001_01,E10,MCF7,clone3,STAT3.3,False,sample,no-dna-source,no-barcode,8628.068359375,715.3536376953,0.0829100567936528,0.3740356370539982,0.0,0.0,0.0,0.0,0.0,0.0,0.0
GEP00001_01,E11,MCF7,clone3,STAT3.3,False,sample,no-dna-source,no-barcode,5517.962890625,426.45404052730004,0.07728468802351751,0.4222253017704889,0.0,0.0,0.0,0.0,0.0,0.0,0.0
GEP00001_01,F2,MCF7,clone3,STAT3.3,False,sample,no-dna-source,no-barcode,1549.4750976563,163.8232727051,0.10572823851954463,0.17856391391143966,0.0,0.0,0.0,0.0,0.0,0.0,0.0
GEP00001_01,F3,MCF7,clone3,STAT3.3,False,sample,no-dna-source,no-barcode,1966.2348632813,127.5960083008,0.06489357435553998,0.5283736517762434,0.0,0.0,0.0,0.0,0.0,0.0,0.0
GEP00001_01,F4,MCF7,clone3,STAT3.3,False,sample,no-dna-source,no-barcode,19039.6796875,224.9332275391,0.011813918680931065,0.9830799856624495,0.0,0.0,0.0,0.0,0.0,0.0,0.0
GEP00001_01,F5,MCF7,clone3,STAT3.3,False,sample,no-dna-source,no-barcode,10027.7890625,149.0133056641,0.014860035919717471,0.956985453122015,0.0,0.0,0.0,0.0,0.0,0.0,0.0
GEP00001_01,F6,MCF7,clone3,STAT3.3,False,sample,no-dna-source,no-barcode,1718.6103515625,90.01062011719999,0.052374070734163516,0.6356218530202149,0.0,0.0,0.0,0.0,0.0,0.0,0.0
GEP00001_01,F7,MCF7,clone3,STAT3.3,False,sample,no-dna-source,no-barcode,3967.4975585938,303.4040527344,0.07647239809315358,0.4291837752495312,0.0,0.0,0.0,0.0,0.0,0.0,0.0
GEP00001_01,F8,MCF7,clone3,STAT3.3,False,sample,no-dna-source,no-barcode,8769.8203125,731.4716186523,0.08340782280449945,0.36977152955276016,0.0,0.0,0.0,0.0,0.0,0.0,0.0
GEP00001_01,F9,MCF7,clone3,STAT3.3,False,sample,no-dna-source,no-barcode,10422.8662109375,151.8489990234,0.014568833174127613,0.9594800384990656,0.0,0.0,0.0,0.0,0.0,0.0,0.0
GEP00001_01,F10,MCF7,clone3,STAT3.3,False,sample,no-dna-source,no-barcode,3347.7084960938,93.3467102051,0.027883762972200105,0.8454178269514141,0.0,0.0,0.0,0.0,0.0,0.0,0.0
GEP00001_01,F11,MCF7,clone3,STAT3.3,False,sample,no-dna-source,no-barcode,9855.693359375,189.8657836914,0.01926457903753616,0.9192539790178019,0.0,0.0,0.0,0.0,0.0,0.0,0.0
GEP00001_01,G2,MCF7,clone3,STAT3.3,False,sample,no-dna-source,no-barcode,7750.6811523438,137.5203552246,0.017743002520883466,0.9322885488698714,0.0,0.0,0.0,0.0,0.0,0.0,0.0
GEP00001_01,G3,MCF7,clone3,STAT3.3,False,sample,no-dna-source,no-barcode,8244.962890625,122.14233398440001,0.0148141763164614,0.9573783089498273,0.0,0.0,0.0,0.0,0.0,0.0,0.0
GEP00001_01,G4,MCF7,clone3,STAT3.3,False,sample,no-dna-source,no-barcode,13782.3115234375,1080.8992919922,0.07842656075173439,0.4124434605845728,0.0,0.0,0.0,0.0,0.0,0.0,0.0
GEP00001_01,G5,MCF7,clone3,STAT3.3,False,sample,no-dna-source,no-barcode,2857.8876953125,315.6153564453,0.11043658467159906,0.138229914184836,0.0,0.0,0.0,0.0,0.0,0.0,0.0
GEP00001_01,G6,MCF7,clone3,STAT3.3,False,sample,no-dna-source,no-barcode,6912.2880859375,543.5892333984,0.07864099797927822,0.41060648624203155,0.0,0.0,0.0,0.0,0.0,0.0,0.0
GEP00001_01,G7,MCF7,clone3,STAT3.3,False,sample,no-dna-source,no-barcode,4589.1025390625,452.66705322269996,0.09863955955867018,0.23928901058793106,0.0,0.0,0.0,0.0,0.0,0.0,0.0
GEP00001_01,G8,MCF7,clone3,STAT3.3,False,sample,no-dna-source,no-barcode,2418.9599609375,86.3530273438,0.03569841119252455,0.7784737219508635,0.0,0.0,0.0,0.0,0.0,0.0,0.0
GEP00001_01,G9,MCF7,clone3,STAT3.3,False,sample,no-dna-source,no-barcode,2070.7055664063,206.0387878418,0.09950173080346683,0.23190322933292706,0.0,0.0,0.0,0.0,0.0,0.0,0.0
GEP00001_01,G10,MCF7,clone3,STAT3.3,False,sample,no-dna-source,no-barcode,4449.1762695313,109.5151977539,0.024614713178229938,0.8734221089727591,0.0,0.0,0.0,0.0,0.0,0.0,0.0
GEP00001_01,G11,MCF7,clone3,STAT3.3,False,sample,no-dna-source,no-barcode,3425.4272460938,340.2165527344,0.09932091044186307,0.233452225133142,0.0,0.0,0.0,0.0,0.0,0.0,0.0
GEP00001_01,H12,MCF7,clone3,no-guide,True,normalisation,no-dna-source,no-barcode,10889.8955078125,805.6034545898,0.07397715193978248,0.4505592762041424,0.0,0.0,0.0,0.0,0.0,0.0,0.0
GEP00001_02,A1,MCF7,clone3,no-guide,True,normalisation,no-dna-source,no-barcode,10322.55078125,801.3338012695,0.07762943658509794,0.4192720167019167,0.0,0.0,0.0,0.0,0.0,0.0,0.0
GEP00001_02,B2,MCF7,clone3,STAT3.4,False,sample,no-dna-source,no-barcode,6029.28515625,566.0896606445,0.09389001282476868,0.27997595468253345,0.0,0.0,0.0,0.0,0.0,0.0,0.0
GEP00001_02,B3,MCF7,clone3,STAT3.4,False,sample,no-dna-source,no-barcode,10138.662109375,518.7585449219,0.05116637080174664,0.6459676022856269,0.0,0.0,0.0,0.0,0.0,0.0,0.0
GEP00001_02,B4,MCF7,clone3,STAT3.4,False,sample,no-dna-source,no-barcode,3649.8486328125,383.294128418,0.10501644505806293,0.18466148540547145,0.0,0.0,0.0,0.0,0.0,0.0,0.0
GEP00001_02,B5,MCF7,clone3,STAT3.4,False,sample,no-dna-source,no-barcode,1983.3784179688,86.5487976074,0.04363705726718333,0.7104673905843439,0.0,0.0,0.0,0.0,0.0,0.0,0.0
GEP00001_02,B6,MCF7,clone3,STAT3.4,False,sample,no-dna-source,no-barcode,10366.884765625,777.4056396484,0.07498932005361512,0.44188854828648716,0.0,0.0,0.0,0.0,0.0,0.0,0.0
GEP00001_02,B7,MCF7,clone3,STAT3.4,False,sample,no-dna-source,no-barcode,2091.4262695313,87.0223999023,0.04160911678794309,0.7278397222043448,0.0,0.0,0.0,0.0,0.0,0.0,0.0
GEP00001_02,B8,MCF7,clone3,STAT3.4,False,sample,no-dna-source,no-barcode,5286.0727539063,497.9437255859,0.09419918127648352,0.27732746626553373,0.0,0.0,0.0,0.0,0.0,0.0,0.0
GEP00001_02,B9,MCF7,clone3,STAT3.4,False,sample,no-dna-source,no-barcode,15182.400390625,149.3762817383,0.009838778974011156,1.0,0.0,0.0,0.0,0.0,0.0,0.0,0.0
GEP00001_02,B10,MCF7,clone3,STAT3.4,False,sample,no-dna-source,no-barcode,8992.845703125,897.0612792969,0.09975277113730224,0.22975269485026895,0.0,0.0,0.0,0.0,0.0,0.0,0.0
GEP00001_02,B11,MCF7,clone3,STAT3.4,False,sample,no-dna-source,no-barcode,5112.3032226563,494.5271606445,0.09673275216792576,0.2556236568295658,0.0,0.0,0.0,0.0,0.0,0.0,0.0
GEP00001_02,C2,MCF7,clone3,STAT3.4,False,sample,no-dna-source,no-barcode,1718.3139648438,167.1752929688,0.09729030688754063,0.2508473699589201,0.0,0.0,0.0,0.0,0.0,0.0,0.0
GEP00001_02,C3,MCF7,clone3,STAT3.4,False,sample,no-dna-source,no-barcode,5235.92578125,109.12280273440001,0.020841166833413086,0.9057481555982303,0.0,0.0,0.0,0.0,0.0,0.0,0.0
GEP00001_02,C4,MCF7,clone3,STAT3.4,False,sample,no-dna-source,no-barcode,4624.4565429688,463.1503601074,0.10015238672998053,0.22632939191431134,0.0,0.0,0.0,0.0,0.0,0.0,0.0
GEP00001_02,C5,MCF7,clone3,STAT3.4,False,sample,no-dna-source,no-barcode,1320.9794921875,105.3529052734,0.07975362668116742,0.4010751637120963,0.0,0.0,0.0,0.0,0.0,0.0,0.0
GEP00001_02,C6,MCF7,clone3,STAT3.4,False,sample,no-dna-source,no-barcode,2420.4594726563,87.4949035645,0.03614805558734678,0.7746218477869566,0.0,0.0,0.0,0.0,0.0,0.0,0.0
GEP00001_02,C7,MCF7,clone3,STAT3.4,False,sample,no-dna-source,no-barcode,6705.546875,648.8995361328,0.09677056148128113,0.25529976372882746,0.0,0.0,0.0,0.0,0.0,0.0,0.0
GEP00001_02,C8,MCF7,clone3,STAT3.4,False,sample,no-dna-source,no-barcode,7515.89453125,726.5700683594,0.09667113679395406,0.25615148430797763,0.0,0.0,0.0,0.0,0.0,0.0,0.0
GEP00001_02,C9,MCF7,clone3,STAT3.4,False,sample,no-dna-source,no-barcode,2604.6162109375,245.86248779299999,0.09439490039283167,0.2756508404333755,0.0,0.0,0.0,0.0,0.0,0.0,0.0
GEP00001_02,C10,MCF7,clone3,STAT3.4,False,sample,no-dna-source,no-barcode,2404.849609375,84.3860168457,0.035089935153005763,0.783686225793829,0.0,0.0,0.0,0.0,0.0,0.0,0.0
GEP00001_02,C11,MCF7,clone3,STAT3.4,False,sample,no-dna-source,no-barcode,4471.8920898438,393.9256591797,0.08808925869976875,0.32966805626893725,0.0,0.0,0.0,0.0,0.0,0.0,0.0
GEP00001_02,D2,MCF7,clone3,STAT3.4,False,sample,no-dna-source,no-barcode,3817.9624023438,226.7948608398,0.05940206763182724,0.5754165886249341,0.0,0.0,0.0,0.0,0.0,0.0,0.0
GEP00001_02,D3,MCF7,clone3,STAT3.4,False,sample,no-dna-source,no-barcode,5547.125,105.4326171875,0.019006713781914056,0.9214629791239696,0.0,0.0,0.0,0.0,0.0,0.0,0.0
GEP00001_02,D4,MCF7,clone3,STAT3.4,False,sample,fixed cells,FLD0217,4272.4462890625,98.06713867190001,0.022953392983067502,0.8876537916344608,90.83,0.0,0.0,0.0,9.170000000000002,0.9083,0.8062559389415808
GEP00001_02,D5,MCF7,clone3,STAT3.4,False,sample,fixed cells,FLD0218,3894.9755859375,309.7095336914,0.07951514120129062,0.4031181471652039,0.0,0.0,0.0,90.73,9.269999999999996,0.0,0.0
GEP00001_02,D6,MCF7,clone3,STAT3.4,False,sample,fixed cells,FLD0219,5728.0454101563,297.1822814941,0.05188197023842917,0.6398374269435023,44.7,0.0,0.0,45.91,9.39,0.447,0.28600732984374555
GEP00001_02,D7,MCF7,clone3,STAT3.4,False,sample,fixed cells,FLD0220,3051.9931640625,300.5266113281,0.09846896607332822,0.24075039795600728,0.0,0.0,0.0,91.52,8.480000000000004,0.0,0.0
GEP00001_02,D8,MCF7,clone3,STAT3.4,False,sample,fixed cells,FLD0221,8716.1494140625,432.0201416016,0.04956548139303182,0.6596816052259696,0.0,0.0,54.98,37.11,7.909999999999997,0.38486,0.2538850625872667
GEP00001_02,D9,MCF7,clone3,STAT3.4,False,sample,fixed cells,FLD0222,8409.779296875,137.84494018549998,0.0163910294574225,0.9438702124542739,34.44,0.0,57.89,0.0,7.670000000000003,0.7496299999999999,0.7075534273620973
GEP00001_02,D10,MCF7,clone3,STAT3.4,False,sample,fixed cells,FLD0223,3898.5053710938,343.0245666504,0.08798873773365046,0.330529168109273,0.0,0.0,0.0,92.34,7.659999999999997,0.0,0.0
GEP00001_02,D11,MCF7,clone3,STAT3.4,False,sample,fixed cells,FLD0224,6599.48046875,489.0471191406,0.07410388157921617,0.4494736480287286,0.0,0.0,0.0,92.24,7.760000000000005,0.0,0.0
GEP00001_02,E2,MCF7,clone3,STAT3.4,False,sample,no-dna-source,no-barcode,6076.2202148438,110.40475463870001,0.01816997257093951,0.9286309142512456,0.0,0.0,0.0,0.0,0.0,0.0,0.0
GEP00001_02,E3,MCF7,clone3,STAT3.4,False,sample,no-dna-source,no-barcode,5924.9370117188,615.9173583984,0.10395340189780766,0.19376803389413666,0.0,0.0,0.0,0.0,0.0,0.0,0.0
GEP00001_02,E4,MCF7,clone3,STAT3.4,False,sample,fixed cells,FLD0225,6286.5859375,115.74276733399999,0.018411068978407646,0.9265655643133142,87.53,0.0,0.0,0.0,12.47,0.8753,0.8110228384434438
GEP00001_02,E5,MCF7,clone3,STAT3.4,False,sample,fixed cells,FLD0226,2371.6791992188,212.67344665529998,0.08967209676812607,0.31610868995333086,0.0,0.0,0.0,92.15,7.849999999999994,0.0,0.0
GEP00001_02,E6,MCF7,clone3,STAT3.4,False,sample,fixed cells,FLD0227,4386.9965820313,445.9825744629,0.10166011441394784,0.21341345794747757,0.0,0.0,0.0,91.73,8.269999999999996,0.0,0.0
GEP00001_02,E7,MCF7,clone3,STAT3.4,False,sample,fixed cells,FLD0228,4918.9790039063,99.9213256836,0.020313427970367358,0.9102690252349108,44.56,0.0,47.08,0.0,8.36,0.7751600000000001,0.7056041376010935
GEP00001_02,E8,MCF7,clone3,STAT3.4,False,sample,fixed cells,FLD0229,4703.138671875,255.2430725098,0.054270794530504936,0.6193735877881235,0.0,0.0,0.0,90.31,9.689999999999998,0.0,0.0
GEP00001_02,E9,MCF7,clone3,STAT3.4,False,sample,fixed cells,FLD0230,4895.29296875,454.2647399902,0.0927962315820692,0.289345820643802,0.0,0.0,0.0,92.33,7.670000000000003,0.0,0.0
GEP00001_02,E10,MCF7,clone3,STAT3.4,False,sample,fixed cells,FLD0231,5756.736328125,482.3592224121,0.08379039700941228,0.3664942114928662,0.0,0.0,0.0,92.13,7.870000000000003,0.0,0.0
GEP00001_02,E11,MCF7,clone3,STAT3.4,False,sample,fixed cells,FLD0232,5649.3901367188,104.8489074707,0.018559332057671785,0.925295470143221,92.53,0.0,0.0,0.0,7.469999999999999,0.9253,0.8561758985235224
GEP00001_02,F2,MCF7,clone3,STAT3.4,False,sample,no-dna-source,no-barcode,5280.662109375,112.52368164059999,0.02130863124925785,0.9017436264043321,0.0,0.0,0.0,0.0,0.0,0.0,0.0
GEP00001_02,F3,MCF7,clone3,STAT3.4,False,sample,no-dna-source,no-barcode,7518.8369140625,830.5946044922,0.11046849585721652,0.1379565473357548,0.0,0.0,0.0,0.0,0.0,0.0,0.0
GEP00001_02,F4,MCF7,clone3,STAT3.4,False,sample,fixed cells,FLD0233,4021.8022460938,109.28125,0.027172208704726863,0.8515133493923899,41.78,0.0,50.67,0.0,7.549999999999998,0.7724899999999999,0.6577855472721271
GEP00001_02,F5,MCF7,clone3,STAT3.4,False,sample,fixed cells,FLD0234,16039.3359375,1414.1533203125,0.08816782227287892,0.32899504221389286,0.0,0.0,0.0,91.1,8.900000000000006,0.0,0.0
GEP00001_02,F6,MCF7,clone3,STAT3.4,False,sample,fixed cells,FLD0235,8681.177734375,869.111328125,0.10011444929684664,0.22665438255183756,0.0,0.0,0.0,91.64,8.36,0.0,0.0
GEP00001_02,F7,MCF7,clone3,STAT3.4,False,sample,fixed cells,FLD0236,3186.3515625,302.8637695313,0.09505033063384699,0.2700361038978333,0.0,0.0,0.0,92.83,7.170000000000003,0.0,0.0
GEP00001_02,F8,MCF7,clone3,STAT3.4,False,sample,fixed cells,FLD0237,6287.1728515625,113.80065917969999,0.018100450212915342,0.9292264768286308,46.44,0.0,46.19,0.0,7.370000000000003,0.7877299999999999,0.7319795725922172
GEP00001_02,F9,MCF7,clone3,STAT3.4,False,sample,fixed cells,FLD0238,5155.6713867188,547.3070068359,0.10615630163043034,0.17489691559826337,0.0,0.0,0.0,92.05,7.950000000000002,0.0,0.0
GEP00001_02,F10,MCF7,clone3,STAT3.4,False,sample,fixed cells,FLD0239,4353.8681640625,104.2994689941,0.023955587322327283,0.8790685039558839,42.05,0.0,50.46,0.0,7.490000000000008,0.7737199999999999,0.6801528828807464
GEP00001_02,F11,MCF7,clone3,STAT3.4,False,sample,fixed cells,FLD0240,2321.9609375,191.4494934082,0.08245164262510338,0.3779626373959073,0.0,0.0,0.0,92.8,7.200000000000002,0.0,0.0
GEP00001_02,G2,MCF7,clone3,STAT3.4,False,sample,no-dna-source,no-barcode,7824.1489257813,125.7782287598,0.016075643492079888,0.9465719631389284,0.0,0.0,0.0,0.0,0.0,0.0,0.0
GEP00001_02,G3,MCF7,clone3,STAT3.4,False,sample,no-dna-source,no-barcode,1295.607421875,87.0401153564,0.06718093296381071,0.5087790173757161,0.0,0.0,0.0,0.0,0.0,0.0,0.0
GEP00001_02,G4,MCF7,clone3,STAT3.4,False,sample,no-dna-source,no-barcode,6914.7578125,645.7984619141,0.09339422716247156,0.2842230975479365,0.0,0.0,0.0,0.0,0.0,0.0,0.0
GEP00001_02,G5,MCF7,clone3,STAT3.4,False,sample,no-dna-source,no-barcode,7211.396484375,126.75241088870001,0.01757668035079414,0.9337133460590041,0.0,0.0,0.0,0.0,0.0,0.0,0.0
GEP00001_02,G6,MCF7,clone3,STAT3.4,False,sample,no-dna-source,no-barcode,7830.5034179688,131.8865966797,0.016842671491216953,0.9400012255363006,0.0,0.0,0.0,0.0,0.0,0.0,0.0
GEP00001_02,G7,MCF7,clone3,STAT3.4,False,sample,no-dna-source,no-barcode,2253.8588867188,244.3829345703,0.1084286758192196,0.15543064507578386,0.0,0.0,0.0,0.0,0.0,0.0,0.0
GEP00001_02,G8,MCF7,clone3,STAT3.4,False,sample,no-dna-source,no-barcode,6660.5942382813,126.232208252,0.01895209402285598,0.9219308787379252,0.0,0.0,0.0,0.0,0.0,0.0,0.0
GEP00001_02,G9,MCF7,clone3,STAT3.4,False,sample,no-dna-source,no-barcode,7041.40625,598.7809448242,0.08503712519416133,0.3558141270982904,0.0,0.0,0.0,0.0,0.0,0.0,0.0
GEP00001_02,G10,MCF7,clone3,STAT3.4,False,sample,no-dna-source,no-barcode,5223.1948242188,112.68481445309999,0.02157392520198661,0.8994709884394786,0.0,0.0,0.0,0.0,0.0,0.0,0.0
GEP00001_02,G11,MCF7,clone3,STAT3.4,False,sample,no-dna-source,no-barcode,5939.8471679688,372.8526306152,0.06277141819840817,0.5465530810487103,0.0,0.0,0.0,0.0,0.0,0.0,0.0
GEP00001_02,H12,MCF7,clone3,no-guide,True,normalisation,no-dna-source,no-barcode,11959.0859375,827.7290039063,0.06921340044148337,0.4913679052693961,0.0,0.0,0.0,0.0,0.0,0.0,0.0
GEP00001_03,A1,MCF7,clone3,no-guide,True,normalisation,no-dna-source,no-barcode,10809.0078125,852.1369628906,0.07883581709554806,0.4089375702514483,0.0,0.0,0.0,0.0,0.0,0.0,0.0
GEP00001_03,B2,MCF7,clone3,STAT3.1,False,sample,no-dna-source,no-barcode,1370.8979492188,88.8782958984,0.06483217510759783,0.5288996278132074,0.0,0.0,0.0,0.0,0.0,0.0,0.0
GEP00001_03,B3,MCF7,clone3,STAT3.1,False,sample,no-dna-source,no-barcode,3868.2841796875,98.1585693359,0.025375221875200943,0.8669072189062494,0.0,0.0,0.0,0.0,0.0,0.0,0.0
GEP00001_03,B4,MCF7,clone3,STAT3.1,False,sample,fixed cells,FLD0241,5607.2124023438,107.9790267944,0.01925716720651871,0.9193174723933051,0.0,0.0,95.08,0.0,4.920000000000002,0.6655599999999999,0.6118609369260881
GEP00001_03,B5,MCF7,clone3,STAT3.1,False,sample,fixed cells,FLD0242,10178.900390625,135.7418823242,0.0133356135844714,0.9700444016503035,93.63,0.0,0.0,0.0,6.3700000000000045,0.9363,0.9082525732651792
GEP00001_03,B6,MCF7,clone3,STAT3.1,False,sample,fixed cells,FLD0243,1151.0717773438,110.2630004883,0.0957915941113087,0.26368607780974784,0.0,0.0,0.0,92.98,7.019999999999996,0.0,0.0
GEP00001_03,B7,MCF7,clone3,STAT3.1,False,sample,fixed cells,FLD0244,1153.171875,113.3872680664,0.09832642516225086,0.24197147323015966,0.0,0.0,0.0,94.79,5.209999999999994,0.0,0.0
GEP00001_03,B8,MCF7,clone3,STAT3.1,False,sample,fixed cells,FLD0245,5391.4755859375,105.18188476559999,0.019508923501377663,0.9171608046377746,44.89,0.0,49.85,0.0,5.259999999999991,0.79785,0.7317567479802484
GEP00001_03,B9,MCF7,clone3,STAT3.1,False,sample,fixed cells,FLD0246,5641.1513671875,501.879699707,0.08896760023605277,0.322143752375332,0.0,0.0,0.0,95.2,4.799999999999997,0.0,0.0
GEP00001_03,B10,MCF7,clone3,STAT3.1,False,sample,fixed cells,FLD0247,1785.0166015625,85.9254150391,0.048137039713740414,0.6719183364350523,0.0,0.0,95.7,0.0,4.299999999999997,0.6698999999999999,0.4501180935778415
GEP00001_03,B11,MCF7,clone3,STAT3.1,False,sample,fixed cells,FLD0248,6237.5463867188,110.45260620120001,0.017707700969788298,0.9325909592505526,40.07,0.0,56.3,0.0,3.629999999999996,0.7948,0.7412232944123391
GEP00001_03,C2,MCF7,clone3,STAT3.1,False,sample,fixed cells,FLD0249,5908.9887695313,116.5416870117,0.01972278025177971,0.9153288029468019,0.0,0.0,95.64,0.0,4.359999999999999,0.66948,0.6127943269968249
GEP00001_03,C3,MCF7,clone3,STAT3.1,False,sample,fixed cells,FLD0250,6092.470703125,110.60293579100001,0.018154036544528417,0.9287674300604385,0.0,0.0,95.41,0.0,4.590000000000003,0.66787,0.6202959035144651
GEP00001_03,C4,MCF7,clone3,STAT3.1,False,sample,fixed cells,FLD0251,4501.41796875,99.42239379879999,0.02208690561263491,0.8950765469361041,94.67,0.0,0.0,0.0,5.329999999999998,0.9467,0.8473689669844097
GEP00001_03,C5,MCF7,clone3,STAT3.1,False,sample,fixed cells,FLD0252,2439.8193359375,94.3684692383,0.03867846600290957,0.7529451125356685,0.0,48.71,46.18,0.0,5.109999999999999,0.7616499999999999,0.5734806449627919
GEP00001_03,C6,MCF7,clone3,STAT3.1,False,sample,fixed cells,FLD0253,4277.998046875,495.9202270508,0.11592343465726003,0.09122686923560241,0.0,0.0,0.0,94.87,5.1299999999999955,0.0,0.0
GEP00001_03,C7,MCF7,clone3,STAT3.1,False,sample,fixed cells,FLD0254,3805.2485351563,117.2141723633,0.030803289530334305,0.8204077321973962,0.0,0.0,95.22,0.0,4.780000000000001,0.6665399999999999,0.5468345698188524
GEP00001_03,C8,MCF7,clone3,STAT3.1,False,sample,fixed cells,FLD0255,5814.6547851563,556.8798828125,0.09577178755892916,0.263855750440532,0.0,0.0,0.0,94.57,5.430000000000007,0.0,0.0
GEP00001_03,C9,MCF7,clone3,STAT3.1,False,sample,fixed cells,FLD0256,1795.0849609375,87.5026550293,0.04874568999987661,0.6667043399101998,95.45,0.0,0.0,0.0,4.549999999999997,0.9545,0.6363692924442858
GEP00001_03,C10,MCF7,clone3,STAT3.1,False,sample,no-dna-source,no-barcode,1274.0219726563,86.9886474609,0.06827876545922604,0.4993744463990012,0.0,0.0,0.0,0.0,0.0,0.0,0.0
GEP00001_03,C11,MCF7,clone3,STAT3.1,False,sample,no-dna-source,no-barcode,5746.63671875,109.2008666992,0.019002570032468174,0.9214984765117189,0.0,0.0,0.0,0.0,0.0,0.0,0.0
GEP00001_03,D2,MCF7,clone3,STAT3.1,False,sample,no-dna-source,no-barcode,6588.8974609375,118.5175170898,0.017987458113050792,0.9301944225101642,0.0,0.0,0.0,0.0,0.0,0.0,0.0
GEP00001_03,D3,MCF7,clone3,STAT3.1,False,sample,no-dna-source,no-barcode,1133.2915039063,86.0191650391,0.07590206468733222,0.43406953060641684,0.0,0.0,0.0,0.0,0.0,0.0,0.0
GEP00001_03,D4,MCF7,clone3,STAT3.1,False,sample,fixed cells,FLD0257,4184.8447265625,98.8263244629,0.023615290630885025,0.8819836521239104,0.0,0.0,96.52,0.0,3.480000000000004,0.6756399999999999,0.5959034347209987
GEP00001_03,D5,MCF7,clone3,STAT3.1,False,sample,fixed cells,FLD0258,10371.021484375,136.75897216799999,0.013186644379634285,0.9713205448379811,0.0,0.0,96.4,0.0,3.5999999999999943,0.6748000000000001,0.6554471036566697
GEP00001_03,D6,MCF7,clone3,STAT3.1,False,sample,fixed cells,FLD0259,6765.3603515625,124.6665649414,0.01842718768300457,0.9264274835932885,52.11,0.0,43.9,0.0,3.990000000000009,0.8284,0.7674525274086802
GEP00001_03,D7,MCF7,clone3,STAT3.1,False,sample,fixed cells,FLD0260,12314.39453125,153.5814819336,0.012471703870122015,0.9774450754871611,0.0,48.93,47.790000000000006,0.0,3.280000000000001,0.7749000000000001,0.7574221889950012
GEP00001_03,D8,MCF7,clone3,STAT3.1,False,sample,fixed cells,FLD0261,4482.2885742188,101.14636230469999,0.022565785453099348,0.8909742276225717,43.28,0.0,53.08,0.0,3.640000000000001,0.8043600000000001,0.7166640297304918
GEP00001_03,D9,MCF7,clone3,STAT3.1,False,sample,fixed cells,FLD0262,7319.0478515625,117.67883300780001,0.01607843470823564,0.9465480522139397,0.0,0.0,96.85,0.0,3.1500000000000057,0.6779499999999998,0.6417122519984403
GEP00001_03,D10,MCF7,clone3,STAT3.1,False,sample,fixed cells,FLD0263,3310.537109375,274.0175170898,0.08277131717201383,0.3752241486205945,0.0,0.0,0.0,96.82,3.1800000000000064,0.0,0.0
GEP00001_03,D11,MCF7,clone3,STAT3.1,False,sample,fixed cells,FLD0264,10008.4072265625,908.2268676758,0.09074639421798794,0.30690573170649227,0.0,0.0,0.0,96.59,3.4099999999999966,0.0,0.0
GEP00001_03,E2,MCF7,clone3,STAT3.1,False,sample,no-dna-source,no-barcode,4332.7919921875,103.2206726074,0.02382313131890897,0.8802031869704983,0.0,0.0,0.0,0.0,0.0,0.0,0.0
GEP00001_03,E3,MCF7,clone3,STAT3.1,False,sample,no-dna-source,no-barcode,3001.3833007813,97.4765930176,0.03247722241681879,0.8060680030429546,0.0,0.0,0.0,0.0,0.0,0.0,0.0
GEP00001_03,E4,MCF7,clone3,STAT3.1,False,sample,no-dna-source,no-barcode,2804.6489257813,92.9853820801,0.033154018396151584,0.8002702371260487,0.0,0.0,0.0,0.0,0.0,0.0,0.0
GEP00001_03,E5,MCF7,clone3,STAT3.1,False,sample,no-dna-source,no-barcode,1841.9809570313,98.0453491211,0.05322820995886873,0.6283048779841485,0.0,0.0,0.0,0.0,0.0,0.0,0.0
GEP00001_03,E6,MCF7,clone3,STAT3.1,False,sample,no-dna-source,no-barcode,1945.947265625,92.2835083008,0.04742343738238988,0.6780314035945341,0.0,0.0,0.0,0.0,0.0,0.0,0.0
GEP00001_03,E7,MCF7,clone3,STAT3.1,False,sample,no-dna-source,no-barcode,1889.4228515625,89.8920898438,0.04757648070650873,0.6767203595052046,0.0,0.0,0.0,0.0,0.0,0.0,0.0
GEP00001_03,E8,MCF7,clone3,STAT3.1,False,sample,no-dna-source,no-barcode,1655.24609375,85.5015869141,0.05165490934365783,0.6417825418037666,0.0,0.0,0.0,0.0,0.0,0.0,0.0
GEP00001_03,E9,MCF7,clone3,STAT3.1,False,sample,no-dna-source,no-barcode,2167.8325195313,196.80276489259998,0.09078319617382162,0.30659046812378254,0.0,0.0,0.0,0.0,0.0,0.0,0.0
GEP00001_03,E10,MCF7,clone3,STAT3.1,False,sample,no-dna-source,no-barcode,2078.9047851563,189.91094970700001,0.09135144190488828,0.301722596811584,0.0,0.0,0.0,0.0,0.0,0.0,0.0
GEP00001_03,E11,MCF7,clone3,STAT3.1,False,sample,no-dna-source,no-barcode,4333.619140625,102.8792724609,0.02373980479651994,0.8809170027824031,0.0,0.0,0.0,0.0,0.0,0.0,0.0
GEP00001_03,F2,MCF7,clone3,STAT3.1,False,sample,no-dna-source,no-barcode,1453.7836914063,89.53750610350001,0.061589290506407435,0.5566797659750434,0.0,0.0,0.0,0.0,0.0,0.0,0.0
GEP00001_03,F3,MCF7,clone3,STAT3.1,False,sample,no-dna-source,no-barcode,991.9677734375,102.50219726559999,0.10333218478499116,0.1990896840127392,0.0,0.0,0.0,0.0,0.0,0.0,0.0
GEP00001_03,F4,MCF7,clone3,STAT3.1,False,sample,no-dna-source,no-barcode,1087.9819335938,83.6764678955,0.07690979538520605,0.42543681576772596,0.0,0.0,0.0,0.0,0.0,0.0,0.0
GEP00001_03,F5,MCF7,clone3,STAT3.1,False,sample,no-dna-source,no-barcode,3207.078125,99.5181427002,0.031030782170359508,0.818458918795778,0.0,0.0,0.0,0.0,0.0,0.0,0.0
GEP00001_03,F6,MCF7,clone3,STAT3.1,False,sample,no-dna-source,no-barcode,9303.13671875,863.3071289063,0.09279742467573847,0.2893356000189423,0.0,0.0,0.0,0.0,0.0,0.0,0.0
GEP00001_03,F7,MCF7,clone3,STAT3.1,False,sample,no-dna-source,no-barcode,3778.19140625,99.5775146484,0.02635586817641791,0.8585065222777908,0.0,0.0,0.0,0.0,0.0,0.0,0.0
GEP00001_03,F8,MCF7,clone3,STAT3.1,False,sample,no-dna-source,no-barcode,3214.07421875,102.0849304199,0.031761846015989734,0.8121962677506943,0.0,0.0,0.0,0.0,0.0,0.0,0.0
GEP00001_03,F9,MCF7,clone3,STAT3.1,False,sample,no-dna-source,no-barcode,7549.3330078125,128.2127685547,0.016983324013130404,0.9387963271288359,0.0,0.0,0.0,0.0,0.0,0.0,0.0
GEP00001_03,F10,MCF7,clone3,STAT3.1,False,sample,no-dna-source,no-barcode,5539.3432617188,111.73828125,0.020171756103688144,0.9114826558490094,0.0,0.0,0.0,0.0,0.0,0.0,0.0
GEP00001_03,F11,MCF7,clone3,STAT3.1,False,sample,no-dna-source,no-barcode,8555.6171875,740.1284179688,0.08650789320613231,0.3432148077880799,0.0,0.0,0.0,0.0,0.0,0.0,0.0
GEP00001_03,G2,MCF7,clone3,STAT3.1,False,sample,no-dna-source,no-barcode,5305.314453125,126.8337097168,0.023906916515022195,0.8794854419347706,0.0,0.0,0.0,0.0,0.0,0.0,0.0
GEP00001_03,G3,MCF7,clone3,STAT3.1,False,sample,no-dna-source,no-barcode,9403.1015625,140.9775390625,0.01499266365735375,0.955849298947958,0.0,0.0,0.0,0.0,0.0,0.0,0.0
GEP00001_03,G4,MCF7,clone3,STAT3.1,False,sample,no-dna-source,no-barcode,5584.078125,115.8095092773,0.020739235140500474,0.906621352415392,0.0,0.0,0.0,0.0,0.0,0.0,0.0
GEP00001_03,G5,MCF7,clone3,STAT3.1,False,sample,no-dna-source,no-barcode,7534.3500976563,128.5303955078,0.017059254460153342,0.9381458697218061,0.0,0.0,0.0,0.0,0.0,0.0,0.0
GEP00001_03,G6,MCF7,clone3,STAT3.4,False,sample,no-dna-source,no-barcode,2896.4389648438,158.7340087891,0.05480316026533645,0.6148130821010516,0.0,0.0,0.0,0.0,0.0,0.0,0.0
GEP00001_03,G7,MCF7,clone3,STAT3.4,False,sample,no-dna-source,no-barcode,5828.3071289063,311.7687988281,0.0534921705278432,0.6260436624377502,0.0,0.0,0.0,0.0,0.0,0.0,0.0
GEP00001_03,G8,MCF7,clone3,STAT3.4,False,sample,no-dna-source,no-barcode,2002.8061523438,99.8145446777,0.049837346745161146,0.6573526734345649,0.0,0.0,0.0,0.0,0.0,0.0,0.0
GEP00001_03,G9,MCF7,clone3,STAT3.4,False,sample,no-dna-source,no-barcode,3724.2080078125,359.3387145996,0.09648728369784744,0.257726459997661,0.0,0.0,0.0,0.0,0.0,0.0,0.0
GEP00001_03,G10,MCF7,clone3,STAT3.4,False,sample,no-dna-source,no-barcode,4785.7534179688,230.7078857422,0.048207223731163006,0.6713171057591175,0.0,0.0,0.0,0.0,0.0,0.0,0.0
GEP00001_03,G11,MCF7,clone3,STAT3.4,False,sample,no-dna-source,no-barcode,8632.55078125,125.2648620605,0.014510758782048144,0.9599775321918848,0.0,0.0,0.0,0.0,0.0,0.0,0.0
GEP00001_03,H12,MCF7,clone3,no-guide,True,normalisation,no-dna-source,no-barcode,11811.99609375,813.353515625,0.06885826148006975,0.4944101995931287,0.0,0.0,0.0,0.0,0.0,0.0,0.0
GEP00001_04,A1,MCF7,clone3,no-guide,True,normalisation,no-dna-source,no-barcode,10223.4970703125,870.3201904297,0.08512940185183591,0.35502364004291653,0.0,0.0,0.0,0.0,0.0,0.0,0.0
GEP00001_04,B2,MCF7,clone3,STAT3.2,False,sample,fixed cells,FLD0265,3754.6088867188,94.97631835940001,0.02529592861066309,0.8675864838555344,0.0,0.0,92.28,0.0,7.719999999999999,0.6459600000000001,0.560426165111321
GEP00001_04,B3,MCF7,clone3,STAT3.2,False,sample,fixed cells,FLD0266,1068.587890625,75.7001953125,0.07084133741046247,0.47742219967740585,0.0,0.0,84.9,0.0,15.099999999999996,0.5943,0.2837320132682823
GEP00001_04,B4,MCF7,clone3,STAT3.2,False,sample,fixed cells,FLD0267,2348.2016601563,210.4806213379,0.08963481497747093,0.31642806403618906,0.0,0.0,0.0,83.33,16.67,0.0,0.0
GEP00001_04,B5,MCF7,clone3,STAT3.2,False,sample,fixed cells,FLD0268,6463.1352539063,109.7789916992,0.016985408379447096,0.9387784714258496,0.0,0.0,91.79,0.0,8.210000000000008,0.6425299999999998,0.603193331245251
GEP00001_04,B6,MCF7,clone3,STAT3.2,False,sample,fixed cells,FLD0269,5363.529296875,104.49829101559999,0.0194831211375101,0.9173818403270741,0.0,0.0,91.98,0.0,8.019999999999996,0.64386,0.59066547171299
GEP00001_04,B7,MCF7,clone3,STAT3.2,False,sample,fixed cells,FLD0270,1649.9223632813,77.17822265630001,0.046776881369624566,0.6835701191434602,0.0,0.0,88.3,0.0,11.700000000000005,0.6181,0.42251469064257274
GEP00001_04,B8,MCF7,clone3,STAT3.2,False,sample,fixed cells,FLD0271,1187.8940429688,75.0973205566,0.06321887124622311,0.5427199790367945,0.0,0.0,75.24,0.0,24.760000000000005,0.5266799999999999,0.2858397585590989
GEP00001_04,B9,MCF7,clone3,STAT3.2,False,sample,fixed cells,FLD0272,2039.2431640625,130.9778442383,0.06422865430985243,0.5340696826276015,0.0,0.0,69.48,0.0,30.52,0.48636,0.2597501308427603
GEP00001_04,B10,MCF7,clone3,STAT3.2,False,sample,no-dna-source,no-barcode,1193.7431640625,77.4556274414,0.06488466679700686,0.5284499582863931,0.0,0.0,0.0,0.0,0.0,0.0,0.0
GEP00001_04,B11,MCF7,clone3,STAT3.2,False,sample,no-dna-source,no-barcode,850.4282226563,77.1340942383,0.09070029919441384,0.30730060426007977,0.0,0.0,0.0,0.0,0.0,0.0,0.0
GEP00001_04,C2,MCF7,clone3,STAT3.2,False,sample,fixed cells,FLD0273,2832.6801757813,99.64239501950001,0.03517601311698275,0.7829488397853683,0.0,0.0,91.14,0.0,8.86,0.63798,0.49950570080626927
GEP00001_04,C3,MCF7,clone3,STAT3.2,False,sample,fixed cells,FLD0274,4431.65625,259.4978027344,0.058555489888097716,0.5826687883106425,0.0,0.0,92.71,0.0,7.289999999999992,0.6489699999999999,0.3781345635499576
GEP00001_04,C4,MCF7,clone3,STAT3.2,False,sample,fixed cells,FLD0275,1903.642578125,88.40808105469999,0.04644153375775923,0.6864428710713089,0.0,0.0,89.12,0.0,10.879999999999995,0.62384,0.42823052068912526
GEP00001_04,C5,MCF7,clone3,STAT3.2,False,sample,fixed cells,FLD0276,3264.4555664063,99.46270751950001,0.03046839066919641,0.8232766399066735,0.0,0.0,90.19,0.0,9.810000000000002,0.6313300000000001,0.5197592410722802
GEP00001_04,C6,MCF7,clone3,STAT3.2,False,sample,fixed cells,FLD0277,3332.4487304688,94.97735595700001,0.02850077034602685,0.8401322395193215,0.0,0.0,91.79,0.0,8.209999999999994,0.64253,0.5398101678583497
GEP00001_04,C7,MCF7,clone3,STAT3.2,False,sample,fixed cells,FLD0278,1278.9926757813,75.3748168945,0.058932954286431465,0.579435243357166,0.0,0.0,0.0,0.0,0.0,0.0,0.0
GEP00001_04,C8,MCF7,clone3,STAT3.2,False,sample,fixed cells,FLD0279,7087.80859375,118.49694824219999,0.016718418207101432,0.9410656400389086,0.0,0.0,92.56,0.0,7.439999999999998,0.6479199999999999,0.6097352494940096
GEP00001_04,C9,MCF7,clone3,STAT3.2,False,sample,fixed cells,FLD0280,4543.1337890625,132.2139892578,0.0291019361076494,0.8349823590980727,0.0,0.0,91.75,0.0,8.25,0.64225,0.5362674201307372
GEP00001_04,C10,MCF7,clone3,STAT3.2,False,sample,no-dna-source,no-barcode,3797.1171875,94.5817260742,0.024908824617149116,0.8709026063036995,0.0,0.0,0.0,0.0,0.0,0.0,0.0
GEP00001_04,C11,MCF7,clone3,STAT3.2,False,sample,no-dna-source,no-barcode,1067.7880859375,75.2047729492,0.07043042897708629,0.4809422426190707,0.0,0.0,0.0,0.0,0.0,0.0,0.0
GEP00001_04,D2,MCF7,clone3,STAT3.2,False,sample,fixed cells,FLD0281,2421.3969726563,86.0057983398,0.035519082294651866,0.7800099411420996,0.0,0.0,90.88,0.0,9.120000000000003,0.6361600000000001,0.49621112415695817
GEP00001_04,D3,MCF7,clone3,STAT3.2,False,sample,fixed cells,FLD0282,2434.982421875,88.2122802734,0.03622707066832714,0.7739449658943055,0.0,0.0,89.92,0.0,10.079999999999998,0.62944,0.4871519193325117
GEP00001_04,D4,MCF7,clone3,STAT3.2,False,sample,fixed cells,FLD0283,1613.1948242188,81.2860412598,0.05038823584074124,0.652633487564847,0.0,0.0,90.54,0.0,9.459999999999994,0.63378,0.4136260517488487
GEP00001_04,D5,MCF7,clone3,STAT3.2,False,sample,fixed cells,FLD0284,5454.2250976563,562.2395629883,0.10308330751327008,0.20122168864565593,0.0,0.0,49.98,43.62,6.400000000000006,0.34985999999999995,0.07039941998956917
GEP00001_04,D6,MCF7,clone3,STAT3.2,False,sample,fixed cells,FLD0285,1347.3325195313,81.7611694336,0.06068373489718965,0.5644371989493964,0.0,0.0,45.16,0.0,54.84,0.31611999999999996,0.17842988733188317
GEP00001_04,D7,MCF7,clone3,STAT3.2,False,sample,fixed cells,FLD0286,1728.9868164063,83.770690918,0.048450740123118716,0.6692310250485309,0.0,0.0,38.57,0.0,61.43,0.26999,0.18068568445285288
GEP00001_04,D8,MCF7,clone3,STAT3.2,False,sample,fixed cells,FLD0287,2759.2265625,89.5444946289,0.03245275174060665,0.8062776308434125,0.0,0.0,81.03,0.0,18.97,0.56721,0.457328734990692
GEP00001_04,D9,MCF7,clone3,STAT3.2,False,sample,fixed cells,FLD0288,4609.8178710938,110.50500488280001,0.02397166395135255,0.8789307836758177,0.0,0.0,88.99,0.0,11.010000000000005,0.6229299999999999,0.547512353075177
GEP00001_04,D10,MCF7,clone3,STAT3.2,False,sample,no-dna-source,no-barcode,2984.890625,321.0735778809,0.10756627904277062,0.16281835834540814,0.0,0.0,0.0,0.0,0.0,0.0,0.0
GEP00001_04,D11,MCF7,clone3,STAT3.2,False,sample,no-dna-source,no-barcode,3351.7407226563,91.2711181641,0.027230960183509186,0.8510100554431738,0.0,0.0,0.0,0.0,0.0,0.0,0.0
GEP00001_04,E2,MCF7,clone3,STAT3.2,False,sample,no-dna-source,no-barcode,5267.951171875,109.6625366211,0.02081692351413126,0.9059558357478426,0.0,0.0,0.0,0.0,0.0,0.0,0.0
GEP00001_04,E3,MCF7,clone3,STAT3.2,False,sample,no-dna-source,no-barcode,8337.73828125,133.1019287109,0.015963793084057477,0.9475301285288346,0.0,0.0,0.0,0.0,0.0,0.0,0.0
GEP00001_04,E4,MCF7,clone3,STAT3.2,False,sample,no-dna-source,no-barcode,5812.353515625,113.4863891602,0.019525032132873783,0.9170228102088652,0.0,0.0,0.0,0.0,0.0,0.0,0.0
GEP00001_04,E5,MCF7,clone3,STAT3.2,False,sample,no-dna-source,no-barcode,9119.1767578125,137.6707763672,0.015096842623349297,0.9549568508886435,0.0,0.0,0.0,0.0,0.0,0.0,0.0
GEP00001_04,E6,MCF7,clone3,STAT3.2,False,sample,no-dna-source,no-barcode,2760.4213867188,96.74981689450001,0.03504893034085008,0.7840374931027448,0.0,0.0,0.0,0.0,0.0,0.0,0.0
GEP00001_04,E7,MCF7,clone3,STAT3.2,False,sample,no-dna-source,no-barcode,1147.990234375,81.3793640137,0.07088855077064775,0.47701774690454124,0.0,0.0,0.0,0.0,0.0,0.0,0.0
GEP00001_04,E8,MCF7,clone3,STAT3.2,False,sample,no-dna-source,no-barcode,5486.705078125,104.7545166016,0.01909242707781886,0.9207287170408638,0.0,0.0,0.0,0.0,0.0,0.0,0.0
GEP00001_04,E9,MCF7,clone3,STAT3.2,False,sample,no-dna-source,no-barcode,6787.8881835938,401.7729187012,0.0591896784146029,0.5772360187077716,0.0,0.0,0.0,0.0,0.0,0.0,0.0
GEP00001_04,E10,MCF7,clone3,STAT3.2,False,sample,no-dna-source,no-barcode,7954.4482421875,847.2608032227,0.10651408839762598,0.17183193887305925,0.0,0.0,0.0,0.0,0.0,0.0,0.0
GEP00001_04,E11,MCF7,clone3,STAT3.2,False,sample,no-dna-source,no-barcode,1110.1572265625,90.3727416992,0.08140535370744817,0.38692566083466606,0.0,0.0,0.0,0.0,0.0,0.0,0.0
GEP00001_04,F2,MCF7,clone3,STAT3.2,False,sample,no-dna-source,no-barcode,3695.20703125,242.9158630371,0.06573809288161248,0.5211390923577826,0.0,0.0,0.0,0.0,0.0,0.0,0.0
GEP00001_04,F3,MCF7,clone3,STAT3.2,False,sample,no-dna-source,no-barcode,4032.6362304688,105.55905151370001,0.02617618983734335,0.8600457349535512,0.0,0.0,0.0,0.0,0.0,0.0,0.0
GEP00001_04,F4,MCF7,clone3,STAT3.4,False,sample,no-dna-source,no-barcode,1557.9794921875,186.0545349121,0.11942040048991134,0.061270146772332224,0.0,0.0,0.0,0.0,0.0,0.0,0.0
GEP00001_04,F5,MCF7,clone3,STAT3.4,False,sample,no-dna-source,no-barcode,7908.20703125,847.6345214844,0.10718415920763012,0.16609178405123937,0.0,0.0,0.0,0.0,0.0,0.0,0.0
GEP00001_04,F6,MCF7,clone3,STAT3.4,False,sample,no-dna-source,no-barcode,1182.5043945313,83.4351043701,0.07055796558216641,0.4798497015806025,0.0,0.0,0.0,0.0,0.0,0.0,0.0
GEP00001_04,F7,MCF7,clone3,STAT3.4,False,sample,no-dna-source,no-barcode,1188.5141601563,82.040222168,0.06902755130591881,0.4929599800109229,0.0,0.0,0.0,0.0,0.0,0.0,0.0
GEP00001_04,F8,MCF7,clone3,STAT3.4,False,sample,no-dna-source,no-barcode,2882.4091796875,96.0409545898,0.033319681073251506,0.7988510894769446,0.0,0.0,0.0,0.0,0.0,0.0,0.0
GEP00001_04,F9,MCF7,clone3,STAT3.4,False,sample,no-dna-source,no-barcode,1341.4204101563,86.1990661621,0.06425954570950372,0.5338050517646931,0.0,0.0,0.0,0.0,0.0,0.0,0.0
GEP00001_04,F10,MCF7,clone3,STAT3.4,False,sample,no-dna-source,no-barcode,1735.951171875,82.0260925293,0.047251382330474004,0.6795053114578945,0.0,0.0,0.0,0.0,0.0,0.0,0.0
GEP00001_04,F11,MCF7,clone3,STAT3.4,False,sample,no-dna-source,no-barcode,2707.7333984375,299.2813720703,0.1105283748551466,0.13744359450515475,0.0,0.0,0.0,0.0,0.0,0.0,0.0
GEP00001_04,G2,MCF7,clone3,STAT3.4,False,sample,no-dna-source,no-barcode,1270.6962890625,120.5793151855,0.09489231708897296,0.2713897253330304,0.0,0.0,0.0,0.0,0.0,0.0,0.0
GEP00001_04,G3,MCF7,clone3,STAT3.4,False,sample,no-dna-source,no-barcode,3465.2294921875,215.7837524414,0.062271128918847424,0.5508388041058864,0.0,0.0,0.0,0.0,0.0,0.0,0.0
GEP00001_04,G4,MCF7,clone3,STAT3.4,False,sample,no-dna-source,no-barcode,5120.3637695313,499.1002197266,0.09747358629019552,0.24927730880839294,0.0,0.0,0.0,0.0,0.0,0.0,0.0
GEP00001_04,G5,MCF7,clone3,STAT3.4,False,sample,no-dna-source,no-barcode,6017.1499023438,113.69067382809999,0.0188944393397637,0.9224247769979473,0.0,0.0,0.0,0.0,0.0,0.0,0.0
GEP00001_04,G6,MCF7,clone3,STAT3.4,False,sample,no-dna-source,no-barcode,3760.9296875,103.6455078125,0.02755848059509887,0.8482043551473807,0.0,0.0,0.0,0.0,0.0,0.0,0.0
GEP00001_04,G7,MCF7,clone3,STAT3.4,False,sample,no-dna-source,no-barcode,4962.3017578125,463.64263916019996,0.09343297965107722,0.2838911247459487,0.0,0.0,0.0,0.0,0.0,0.0,0.0
GEP00001_04,G8,MCF7,clone3,STAT3.4,False,sample,no-dna-source,no-barcode,1384.1469726563,134.9073944092,0.09746609072178283,0.24934151951944616,0.0,0.0,0.0,0.0,0.0,0.0,0.0
GEP00001_04,G9,MCF7,clone3,STAT3.4,False,sample,no-dna-source,no-barcode,2038.8774414063,223.5325012207,0.10963508481731997,0.14509595458614755,0.0,0.0,0.0,0.0,0.0,0.0,0.0
GEP00001_04,G10,MCF7,clone3,STAT3.4,False,sample,no-dna-source,no-barcode,3588.3383789063,99.0186157227,0.027594559171111442,0.8478952883905976,0.0,0.0,0.0,0.0,0.0,0.0,0.0
GEP00001_04,G11,MCF7,clone3,STAT3.4,False,sample,no-dna-source,no-barcode,5909.3974609375,495.3213806152,0.08381926988147104,0.36624687232617903,0.0,0.0,0.0,0.0,0.0,0.0,0.0
GEP00001_04,H12,MCF7,clone3,no-guide,True,normalisation,no-dna-source,no-barcode,10257.1904296875,772.2186279297,0.07528558948215089,0.43935055922118693,0.0,0.0,0.0,0.0,0.0,0.0,0.0
