sample_id,amplicon_id,impact,impact_frequency
FLD0193,chr17_42345522,HighImpact,90.59
FLD0195,chr17_42345522,WildType,91.37
FLD0196,chr17_42345522,WildType,90.83
FLD0197,chr17_42345522,MediumImpact,24.45
FLD0197,chr17_42345522,LowImpact,68.31
FLD0198,chr17_42345522,HighImpact,91.06
FLD0199,chr17_42345522,WildType,86.87
FLD0200,chr17_42345522,WildType,91.65
FLD0201,chr17_42345522,WildType,93.14
FLD0202,chr17_42345522,LowImpact,48.77
FLD0202,chr17_42345522,HighImpact,43.87
FLD0204,chr17_42345522,HighImpact,92.51
FLD0205,chr17_42345522,WildType,92.74
FLD0206,chr17_42345522,LowImpact,93.83
FLD0207,chr17_42345522,WildType,89.78
FLD0208,chr17_42345522,WildType,92.63
FLD0209,chr17_42345522,WildType,91.19
FLD0210,chr17_42345522,HighImpact,48.25
FLD0210,chr17_42345522,LowImpact,42.11
FLD0211,chr17_42345522,LowImpact,83.42
FLD0212,chr17_42345522,WildType,90.86
FLD0213,chr17_42345522,HighImpact,90.43
FLD0214,chr17_42345522,HighImpact,89.32
FLD0215,chr17_42345522,LowImpact,90.09
FLD0216,chr17_42345522,LowImpact,90.92
FLD0217,chr17_42345522,HighImpact,90.83
FLD0218,chr17_42345522,WildType,90.73
FLD0219,chr17_42345522,WildType,45.91
FLD0219,chr17_42345522,HighImpact,44.7
FLD0220,chr17_42345522,WildType,91.52
FLD0221,chr17_42345522,WildType,37.11
FLD0221,chr17_42345522,LowImpact,54.98
FLD0222,chr17_42345522,HighImpact,34.44
FLD0222,chr17_42345522,LowImpact,57.89
FLD0223,chr17_42345522,WildType,92.34
FLD0224,chr17_42345522,WildType,92.24
FLD0225,chr17_42345522,HighImpact,87.53
FLD0226,chr17_42345522,WildType,92.15
FLD0227,chr17_42345522,WildType,91.73
FLD0228,chr17_42345522,LowImpact,47.08
FLD0228,chr17_42345522,HighImpact,44.56
FLD0229,chr17_42345522,WildType,90.31
FLD0230,chr17_42345522,WildType,92.33
FLD0231,chr17_42345522,WildType,92.13
FLD0232,chr17_42345522,HighImpact,92.53
FLD0233,chr17_42345522,HighImpact,41.78
FLD0233,chr17_42345522,LowImpact,50.67
FLD0234,chr17_42345522,WildType,91.1
FLD0235,chr17_42345522,WildType,91.64
FLD0236,chr17_42345522,WildType,92.83
FLD0237,chr17_42345522,LowImpact,46.19
FLD0237,chr17_42345522,HighImpact,46.44
FLD0238,chr17_42345522,WildType,92.05
FLD0239,chr17_42345522,LowImpact,50.46
FLD0239,chr17_42345522,HighImpact,42.05
FLD0240,chr17_42345522,WildType,92.8
FLD0241,chr17_42346597,LowImpact,95.08
FLD0242,chr17_42346597,HighImpact,93.63
FLD0243,chr17_42346597,WildType,92.98
FLD0244,chr17_42346597,WildType,94.79
FLD0245,chr17_42346597,HighImpact,44.89
FLD0245,chr17_42346597,LowImpact,49.85
FLD0246,chr17_42346597,WildType,95.2
FLD0247,chr17_42346597,LowImpact,95.7
FLD0248,chr17_42346597,LowImpact,56.3
FLD0248,chr17_42346597,HighImpact,40.07
FLD0249,chr17_42346597,LowImpact,95.64
FLD0250,chr17_42346597,LowImpact,95.41
FLD0251,chr17_42346597,HighImpact,94.67
FLD0252,chr17_42346597,LowImpact,46.18
FLD0252,chr17_42346597,MediumImpact,48.71
FLD0253,chr17_42346597,WildType,94.87
FLD0254,chr17_42346597,LowImpact,95.22
FLD0255,chr17_42346597,WildType,94.57
FLD0256,chr17_42346597,HighImpact,95.45
FLD0257,chr17_42346597,LowImpact,96.52
FLD0258,chr17_42346597,LowImpact,96.4
FLD0259,chr17_42346597,LowImpact,43.9
FLD0259,chr17_42346597,HighImpact,52.11
FLD0260,chr17_42346597,MediumImpact,48.93
FLD0260,chr17_42346597,LowImpact,47.790000000000006
FLD0261,chr17_42346597,HighImpact,43.28
FLD0261,chr17_42346597,LowImpact,53.08
FLD0262,chr17_42346597,LowImpact,96.85
FLD0263,chr17_42346597,WildType,96.82
FLD0264,chr17_42346597,WildType,96.59
FLD0265,chr17_42345522,LowImpact,92.28
FLD0266,chr17_42345522,LowImpact,84.9
FLD0267,chr17_42345522,WildType,83.33
FLD0268,chr17_42345522,LowImpact,91.78999999999999
FLD0269,chr17_42345522,LowImpact,91.98
FLD0270,chr17_42345522,LowImpact,88.3
FLD0271,chr17_42345522,LowImpact,75.24
FLD0272,chr17_42345522,LowImpact,69.48
FLD0273,chr17_42345522,LowImpact,91.14
FLD0274,chr17_42345522,LowImpact,92.71000000000001
FLD0275,chr17_42345522,LowImpact,89.12
FLD0276,chr17_42345522,LowImpact,90.19
FLD0277,chr17_42345522,LowImpact,91.79
FLD0279,chr17_42345522,LowImpact,92.56
FLD0280,chr17_42345522,LowImpact,91.75
FLD0281,chr17_42345522,LowImpact,90.88
FLD0282,chr17_42345522,LowImpact,89.92
FLD0283,chr17_42345522,LowImpact,90.54
FLD0284,chr17_42345522,WildType,43.62
FLD0284,chr17_42345522,LowImpact,49.98
FLD0285,chr17_42345522,LowImpact,45.16
FLD0286,chr17_42345522,LowImpact,38.57
FLD0287,chr17_42345522,LowImpact,81.03
FLD0288,chr17_42345522,LowImpact,88.99
